country_code,product_id,year_month,horizon,forecast_eur,forecast_lo_eur,forecast_hi_eur,model,scenario
AT,P01,2026-07,1,437458.1357046013,391813.4793992486,497690.2829426038,gradient_boosting,Baseline
AT,P01,2026-08,2,260193.7195189851,225950.14641795176,310364.69045342464,gradient_boosting,Baseline
AT,P01,2026-09,3,262703.7901446383,233532.55309597967,312444.3173561767,gradient_boosting,Baseline
AT,P01,2026-10,4,54645.9856567396,47305.83585840644,69873.26847607923,gradient_boosting,Baseline
AT,P01,2026-11,5,62444.508233096174,50811.92824682578,84506.17555443413,gradient_boosting,Baseline
AT,P01,2026-12,6,215895.12249581327,184810.42188205133,280936.7978879083,gradient_boosting,Baseline
AT,P01,2027-01,7,149280.11264034171,120014.89350851125,200808.28135177022,gradient_boosting,Baseline
AT,P01,2027-02,8,132845.1324472663,102525.16537135263,166779.95689549673,gradient_boosting,Baseline
AT,P01,2027-03,9,129129.99420828154,100175.55761792054,166478.63428044808,gradient_boosting,Baseline
AT,P01,2027-04,10,143270.87680608162,106952.2272147765,180129.79988022975,gradient_boosting,Baseline
AT,P01,2027-05,11,245288.42192646986,184270.59393105016,322748.8823658147,gradient_boosting,Baseline
AT,P01,2027-06,12,188223.5060286668,149931.79723229838,245011.5768403239,gradient_boosting,Baseline
AT,P02,2026-07,1,4121237.48726954,3691224.9825159907,4688676.889753565,gradient_boosting,Baseline
AT,P02,2026-08,2,3785573.180907533,3287361.493902306,4515513.482236166,gradient_boosting,Baseline
AT,P02,2026-09,3,4296305.099415469,3819233.4347112537,5109770.640163427,gradient_boosting,Baseline
AT,P02,2026-10,4,3200052.637540284,2770215.6524478598,4091757.782263754,gradient_boosting,Baseline
AT,P02,2026-11,5,3446173.648138081,2804197.408067437,4663708.043204198,gradient_boosting,Baseline
AT,P02,2026-12,6,3720361.8975158967,3184702.108530291,4841177.264171715,gradient_boosting,Baseline
AT,P02,2027-01,7,3723819.045933869,2993792.9328835765,5009198.408635776,gradient_boosting,Baseline
AT,P02,2027-02,8,3772587.978246527,2911549.706205749,4736282.38239129,gradient_boosting,Baseline
AT,P02,2027-03,9,3007461.3829211276,2333107.2141344887,3877318.099095732,gradient_boosting,Baseline
AT,P02,2027-04,10,4685572.752823256,3497796.9903095225,5891017.777693138,gradient_boosting,Baseline
AT,P02,2027-05,11,4814917.566218624,3617161.0249183415,6335436.670738723,gradient_boosting,Baseline
AT,P02,2027-06,12,4905116.72546121,3907232.320763368,6385017.519055559,gradient_boosting,Baseline
AT,P03,2026-07,1,2508969.4321218147,2247181.9876492587,2854421.03975463,gradient_boosting,Baseline
AT,P03,2026-08,2,2351760.96049728,2042250.4215195363,2805231.286422074,gradient_boosting,Baseline
AT,P03,2026-09,3,2144451.3817204484,1906326.5356302997,2550483.3702485138,gradient_boosting,Baseline
AT,P03,2026-10,4,2618304.61614378,2266609.1005594204,3347903.770007456,gradient_boosting,Baseline
AT,P03,2026-11,5,2396956.9273023205,1950435.784459674,3243802.675791903,gradient_boosting,Baseline
AT,P03,2026-12,6,1682275.9020356045,1440060.87577656,2189086.995659387,gradient_boosting,Baseline
AT,P03,2027-01,7,1553854.904794371,1249233.5893118698,2090210.9958446904,gradient_boosting,Baseline
AT,P03,2027-02,8,1558003.9297619218,1202412.2194425599,1955990.584388588,gradient_boosting,Baseline
AT,P03,2027-03,9,1600931.2639093574,1241959.1827085891,2063973.2234682355,gradient_boosting,Baseline
AT,P03,2027-04,10,1761225.0841705494,1314760.8891479652,2214330.846771332,gradient_boosting,Baseline
AT,P03,2027-05,11,1941822.5947572885,1458775.7548210835,2555037.3201001445,gradient_boosting,Baseline
AT,P03,2027-06,12,2286380.3347254754,1821244.9654920637,2976193.903127478,gradient_boosting,Baseline
AT,P04,2026-07,1,799382.43942878,715974.374230743,909446.7332693699,gradient_boosting,Baseline
AT,P04,2026-08,2,648823.1728173539,563432.8575203918,773930.2991737805,gradient_boosting,Baseline
AT,P04,2026-09,3,675710.4922472496,600678.0348367274,803650.0096338901,gradient_boosting,Baseline
AT,P04,2026-10,4,461281.49860490113,399321.315102529,589819.0984701047,gradient_boosting,Baseline
AT,P04,2026-11,5,545080.6207460816,443539.36276826495,737657.8010053836,gradient_boosting,Baseline
AT,P04,2026-12,6,500582.00797979976,428507.9302016433,651389.919218168,gradient_boosting,Baseline
AT,P04,2027-01,7,578975.06455876,465471.45154233417,778824.3564612351,gradient_boosting,Baseline
AT,P04,2027-02,8,553799.9603441663,427403.1834736039,695266.2232588145,gradient_boosting,Baseline
AT,P04,2027-03,9,535169.9140194964,415170.3474156851,689958.6493455962,gradient_boosting,Baseline
AT,P04,2027-04,10,595238.2193018155,444347.4814763218,748373.5963242812,gradient_boosting,Baseline
AT,P04,2027-05,11,589246.4880439757,442665.81957218563,775326.629608243,gradient_boosting,Baseline
AT,P04,2027-06,12,660337.7898179328,526000.3582800525,859565.3462427008,gradient_boosting,Baseline
AT,P05,2026-07,1,1209817.6606795944,1083584.527022309,1376393.4070691767,gradient_boosting,Baseline
AT,P05,2026-08,2,1190544.8705339304,1033859.6500775841,1420107.6447858491,gradient_boosting,Baseline
AT,P05,2026-09,3,1532684.221811639,1362491.4174726158,1822883.7701308443,gradient_boosting,Baseline
AT,P05,2026-10,4,2155036.257227442,1865567.8038949007,2755544.166094966,gradient_boosting,Baseline
AT,P05,2026-11,5,1649035.135431556,1341841.858458788,2231639.8446124746,gradient_boosting,Baseline
AT,P05,2026-12,6,1198959.6893442438,1026332.8019908366,1560164.454051458,gradient_boosting,Baseline
AT,P05,2027-01,7,838013.5815240786,673727.4575054084,1127277.1977384984,gradient_boosting,Baseline
AT,P05,2027-02,8,817370.8363865331,630817.8450084762,1026165.3577280717,gradient_boosting,Baseline
AT,P05,2027-03,9,926427.1365347934,718697.1203998894,1194380.3250071493,gradient_boosting,Baseline
AT,P05,2027-04,10,870744.7813456174,650014.1255267604,1094759.0096962578,gradient_boosting,Baseline
AT,P05,2027-05,11,808509.2618107547,607384.8928641393,1063831.1363512077,gradient_boosting,Baseline
AT,P05,2027-06,12,933260.4913551323,743400.3632546403,1214830.3334381154,gradient_boosting,Baseline
AT,P06,2026-07,1,0.045868413668337424,0.04108247461204161,0.05218388209869367,gradient_boosting,Baseline
AT,P06,2026-08,2,0.03702947563026171,0.03215610067723838,0.04416955859997321,gradient_boosting,Baseline
AT,P06,2026-09,3,0.2033879789130421,0.18080330686680585,0.24189760716794473,gradient_boosting,Baseline
AT,P06,2026-10,4,1.8743654572420525,1.622597224541485,2.3966635287510893,gradient_boosting,Baseline
AT,P06,2026-11,5,1.015770650825518,0.8265461108655545,1.374642788782627,gradient_boosting,Baseline
AT,P06,2026-12,6,0.5375969934561992,0.4601934773449515,0.6995562296627624,gradient_boosting,Baseline
AT,P06,2027-01,7,0.5788316841804989,0.4653561797856088,0.7786314843711157,gradient_boosting,Baseline
AT,P06,2027-02,8,0.20801520207815088,0.16053876118708044,0.2611519579008554,gradient_boosting,Baseline
AT,P06,2027-03,9,0.20658919062160672,0.1602663075704458,0.266341577126645,gradient_boosting,Baseline
AT,P06,2027-04,10,0.0,0.0,0.0,gradient_boosting,Baseline
AT,P06,2027-05,11,0.0,0.0,0.0,gradient_boosting,Baseline
AT,P06,2027-06,12,0.0,0.0,0.0,gradient_boosting,Baseline
AT,P07,2026-07,1,868091.4132091985,777514.2105844469,987616.0157914432,gradient_boosting,Baseline
AT,P07,2026-08,2,764159.0107479112,663589.5773513834,911505.3786325754,gradient_boosting,Baseline
AT,P07,2026-09,3,636482.8187021633,565806.2929788888,756994.9397716802,gradient_boosting,Baseline
AT,P07,2026-10,4,508279.8068678141,440006.72373023385,649913.6392073535,gradient_boosting,Baseline
AT,P07,2026-11,5,651337.1517976607,530001.7176545492,881454.8028703259,gradient_boosting,Baseline
AT,P07,2026-12,6,594582.462519435,508974.1466670545,773709.4343284973,gradient_boosting,Baseline
AT,P07,2027-01,7,736081.6952015765,591778.5343317612,990160.6954440451,gradient_boosting,Baseline
AT,P07,2027-02,8,826255.9042855173,637675.0255381478,1037320.0851456862,gradient_boosting,Baseline
AT,P07,2027-03,9,620754.759436235,481564.75613405445,800297.4460553704,gradient_boosting,Baseline
AT,P07,2027-04,10,882089.6497478448,658483.1107813076,1109022.542666233,gradient_boosting,Baseline
AT,P07,2027-05,11,874885.2564225777,657249.2274863065,1151168.230815891,gradient_boosting,Baseline
AT,P07,2027-06,12,1073219.1045283426,854886.1540251272,1397015.232813704,gradient_boosting,Baseline
CZ,P03,2026-07,1,172906.03745078336,154864.913035873,196712.89130961223,gradient_boosting,Baseline
CZ,P03,2026-08,2,157645.83645062154,136898.38438087044,188043.35985403496,gradient_boosting,Baseline
CZ,P03,2026-09,3,150471.03693692724,133762.38463682964,178961.33280661696,gradient_boosting,Baseline
CZ,P03,2026-10,4,140418.69243977423,121557.39412834196,179546.82083210384,gradient_boosting,Baseline
CZ,P03,2026-11,5,141964.27194197098,115518.21935407733,192120.3005139078,gradient_boosting,Baseline
CZ,P03,2026-12,6,143985.40553063512,123254.30622681603,187363.18961144198,gradient_boosting,Baseline
CZ,P03,2027-01,7,128442.96769572461,103262.71073400667,172778.618253328,gradient_boosting,Baseline
CZ,P03,2027-02,8,143026.9783723848,110383.15322553906,179562.71975044688,gradient_boosting,Baseline
CZ,P03,2027-03,9,157343.42241894934,122062.77228594039,202852.31357687456,gradient_boosting,Baseline
CZ,P03,2027-04,10,164040.99547243948,122457.19584764719,206243.3925535235,gradient_boosting,Baseline
CZ,P03,2027-05,11,154305.4845709756,115920.52761966817,203034.1354763453,gradient_boosting,Baseline
CZ,P03,2027-06,12,221996.00144821886,176833.7025368453,288973.4205609313,gradient_boosting,Baseline
CZ,P04,2026-07,1,181144.05953765914,162243.37473033386,206085.17909825032,gradient_boosting,Baseline
CZ,P04,2026-08,2,179140.59554859743,155564.26138353144,213682.77292729114,gradient_boosting,Baseline
CZ,P04,2026-09,3,201939.05045777585,179515.2707816567,240174.33754227866,gradient_boosting,Baseline
CZ,P04,2026-10,4,174610.83809354898,151156.78757884158,223266.71982059898,gradient_boosting,Baseline
CZ,P04,2026-11,5,215428.46445395093,175297.01150495012,291539.41878461157,gradient_boosting,Baseline
CZ,P04,2026-12,6,184004.52432295762,157511.44988924626,239438.67403110006,gradient_boosting,Baseline
CZ,P04,2027-01,7,204808.18506443323,164657.11396801873,275503.40713267826,gradient_boosting,Baseline
CZ,P04,2027-02,8,170752.56685019674,131780.77985543545,214370.71283267226,gradient_boosting,Baseline
CZ,P04,2027-03,9,183726.20447685895,142529.8211723537,236865.8636621871,gradient_boosting,Baseline
CZ,P04,2027-04,10,187328.77479963776,139841.60726087002,235522.3578490379,gradient_boosting,Baseline
CZ,P04,2027-05,11,245845.18570452256,184688.8574236981,323481.4684605719,gradient_boosting,Baseline
CZ,P04,2027-06,12,363400.87903671875,289471.5333879398,473040.93030965904,gradient_boosting,Baseline
CZ,P05,2026-07,1,1351038.131189891,1210069.9650492333,1537058.0517267794,gradient_boosting,Baseline
CZ,P05,2026-08,2,1365444.7320819965,1185741.2919493495,1628731.9785709374,gradient_boosting,Baseline
CZ,P05,2026-09,3,1317921.1494230863,1171576.1338445353,1567457.3009930674,gradient_boosting,Baseline
CZ,P05,2026-10,4,1415521.313535486,1225385.874322261,1809960.962101869,gradient_boosting,Baseline
CZ,P05,2026-11,5,1382451.6499388844,1124919.32483776,1870872.317372719,gradient_boosting,Baseline
CZ,P05,2026-12,6,1345603.2809883954,1151862.567206262,1750986.648601448,gradient_boosting,Baseline
CZ,P05,2027-01,7,1331318.0917468844,1070323.408664002,1790859.4333681115,gradient_boosting,Baseline
CZ,P05,2027-02,8,1359910.17491952,1049530.4796293871,1707294.4727188775,gradient_boosting,Baseline
CZ,P05,2027-03,9,1374642.1723202644,1066410.22468551,1772233.8862887456,gradient_boosting,Baseline
CZ,P05,2027-04,10,1363430.594005873,1017805.8648937081,1714196.8104325554,gradient_boosting,Baseline
CZ,P05,2027-05,11,1356869.719973909,1019335.4713725615,1785360.1984070526,gradient_boosting,Baseline
CZ,P05,2027-06,12,1370145.3501588358,1091406.483457512,1783525.7658611783,gradient_boosting,Baseline
CZ,P06,2026-07,1,212344.64391685717,190188.4705626774,241581.66756256195,gradient_boosting,Baseline
CZ,P06,2026-08,2,206574.31319624884,179387.4825232842,246406.30407723776,gradient_boosting,Baseline
CZ,P06,2026-09,3,255233.27708719845,226891.5831035778,303559.3319083189,gradient_boosting,Baseline
CZ,P06,2026-10,4,264902.6312106823,229320.42015362537,338718.6167136319,gradient_boosting,Baseline
CZ,P06,2026-11,5,313761.63277469017,255312.02058061218,424613.7310030215,gradient_boosting,Baseline
CZ,P06,2026-12,6,261079.8625198526,223489.43773909306,339734.12516887725,gradient_boosting,Baseline
CZ,P06,2027-01,7,271554.5035733888,218318.32955965734,365289.0675885581,gradient_boosting,Baseline
CZ,P06,2027-02,8,248461.20253568623,191753.5509887669,311929.7477124669,gradient_boosting,Baseline
CZ,P06,2027-03,9,244216.6953151605,189456.70820167213,314852.19335621066,gradient_boosting,Baseline
CZ,P06,2027-04,10,335680.6978158549,250586.8538307994,422040.39138440683,gradient_boosting,Baseline
CZ,P06,2027-05,11,311532.9319892057,234036.15203632033,409912.97033091297,gradient_boosting,Baseline
CZ,P06,2027-06,12,271175.80641735956,216008.4937312786,352991.0441746025,gradient_boosting,Baseline
CZ,P07,2026-07,1,57048.45965478867,51095.98758680783,64903.27121542856,gradient_boosting,Baseline
CZ,P07,2026-08,2,59294.30868634651,51490.70375026353,70727.53252887401,gradient_boosting,Baseline
CZ,P07,2026-09,3,69005.88236625638,61343.30943135653,82071.5064583382,gradient_boosting,Baseline
CZ,P07,2026-10,4,76510.35826370878,66233.3455237895,97830.22009598969,gradient_boosting,Baseline
CZ,P07,2026-11,5,105107.09871995292,85527.04648508487,142241.47467523703,gradient_boosting,Baseline
CZ,P07,2026-12,6,74031.4794893116,63372.385623197355,96334.58389517294,gradient_boosting,Baseline
CZ,P07,2027-01,7,98628.7054909671,79293.30556508373,132673.1370394126,gradient_boosting,Baseline
CZ,P07,2027-02,8,92996.14159408235,71771.12642509333,116751.68070358402,gradient_boosting,Baseline
CZ,P07,2027-03,9,94605.38686628621,73392.30084455093,121968.37533864523,gradient_boosting,Baseline
CZ,P07,2027-04,10,165733.50356268944,123720.6592525391,208371.3277654022,gradient_boosting,Baseline
CZ,P07,2027-05,11,142326.90823690835,106921.73608197107,187272.80400464326,gradient_boosting,Baseline
CZ,P07,2027-06,12,125711.42758025328,100137.01618582479,163639.259241059,gradient_boosting,Baseline
DE,P01,2026-07,1,2439922.416691502,2185339.3811234706,2775867.171758769,gradient_boosting,Baseline
DE,P01,2026-08,2,2395490.4047351955,2080224.7213858007,2857392.7123384695,gradient_boosting,Baseline
DE,P01,2026-09,3,2372507.5883202306,2109058.853071584,2821719.9053235385,gradient_boosting,Baseline
DE,P01,2026-10,4,2341863.660780449,2027300.2052801943,2994431.6373384832,gradient_boosting,Baseline
DE,P01,2026-11,5,2406270.402348043,1958014.2831802552,3256406.604936444,gradient_boosting,Baseline
DE,P01,2026-12,6,2263697.7143980265,1937769.2500646815,2945670.9346525003,gradient_boosting,Baseline
DE,P01,2027-01,7,1968152.5537706935,1582311.3673445948,2647514.962110132,gradient_boosting,Baseline
DE,P01,2027-02,8,2059409.2772999506,1589379.0975464538,2585478.174253871,gradient_boosting,Baseline
DE,P01,2027-03,9,1819458.5713949252,1411486.758515648,2345705.8133768295,gradient_boosting,Baseline
DE,P01,2027-04,10,2034774.1655101797,1518966.266779797,2558255.183507412,gradient_boosting,Baseline
DE,P01,2027-05,11,2059719.6866440473,1547344.8237322494,2710165.5334164575,gradient_boosting,Baseline
DE,P01,2027-06,12,1821409.2376148847,1450866.399489543,2370938.4592569848,gradient_boosting,Baseline
DE,P02,2026-07,1,6237171.526961299,5586381.137140036,7095946.8087503,gradient_boosting,Baseline
DE,P02,2026-08,2,5410154.719677788,4698135.117614837,6453349.442800111,gradient_boosting,Baseline
DE,P02,2026-09,3,6146557.255722563,5464029.308024831,7310350.889104166,gradient_boosting,Baseline
DE,P02,2026-10,4,6662426.152583398,5767516.757271516,8518933.01340969,gradient_boosting,Baseline
DE,P02,2026-11,5,8342180.187016534,6788143.154278444,11289475.461304104,gradient_boosting,Baseline
DE,P02,2026-12,6,8376471.060472866,7170422.067310969,10900009.829428239,gradient_boosting,Baseline
DE,P02,2027-01,7,6665816.632902413,5359034.496929053,8966708.01075913,gradient_boosting,Baseline
DE,P02,2027-02,8,6619439.073954685,5108648.493328841,8310351.633431241,gradient_boosting,Baseline
DE,P02,2027-03,9,6620672.8446146175,5136138.95889541,8535589.11658654,gradient_boosting,Baseline
DE,P02,2027-04,10,6956316.82542157,5192915.645358005,8745950.227991296,gradient_boosting,Baseline
DE,P02,2027-05,11,7182125.274332796,5395503.300132295,9450192.907992428,gradient_boosting,Baseline
DE,P02,2027-06,12,8323960.257997971,6630555.066707689,10835345.018265983,gradient_boosting,Baseline
DE,P03,2026-07,1,11312996.577496078,10132591.417738963,12870645.22988939,gradient_boosting,Baseline
DE,P03,2026-08,2,11075544.805108279,9617914.586866897,13211149.144549781,gradient_boosting,Baseline
DE,P03,2026-09,3,8324054.465475621,7399732.186437918,9900137.008564763,gradient_boosting,Baseline
DE,P03,2026-10,4,6544118.277835883,5665100.214934475,8367658.2620126875,gradient_boosting,Baseline
DE,P03,2026-11,5,6107493.549298294,4969748.866248842,8265273.22703819,gradient_boosting,Baseline
DE,P03,2026-12,6,6361580.938425609,5445636.953146324,8278103.542523076,gradient_boosting,Baseline
DE,P03,2027-01,7,6007693.949909213,4829931.709438125,8081416.041500755,gradient_boosting,Baseline
DE,P03,2027-02,8,5944296.509602948,4587597.3882996235,7462746.262375624,gradient_boosting,Baseline
DE,P03,2027-03,9,6511606.596546005,5051528.312975727,8394977.323518012,gradient_boosting,Baseline
DE,P03,2027-04,10,7394983.680064638,5520382.037379033,9297471.754923081,gradient_boosting,Baseline
DE,P03,2027-05,11,8767026.942798277,6586145.603901507,11535596.035214998,gradient_boosting,Baseline
DE,P03,2027-06,12,10052647.440147938,8007562.548614374,13085586.666074373,gradient_boosting,Baseline
DE,P04,2026-07,1,6139256.319728126,5498682.464053672,6984549.984197543,gradient_boosting,Baseline
DE,P04,2026-08,2,6200380.360033259,5384360.747778483,7395947.660430762,gradient_boosting,Baseline
DE,P04,2026-09,3,6432071.250486085,5717839.167810436,7649924.311856873,gradient_boosting,Baseline
DE,P04,2026-10,4,6318808.6649613995,5470054.605712365,8079565.387825896,gradient_boosting,Baseline
DE,P04,2026-11,5,6175106.572526347,5024766.484002999,8356773.955802797,gradient_boosting,Baseline
DE,P04,2026-12,6,5737148.315770512,4911110.489112649,7465551.135236185,gradient_boosting,Baseline
DE,P04,2027-01,7,5937245.115345995,4773293.827617432,7986649.838945975,gradient_boosting,Baseline
DE,P04,2027-02,8,5608926.002864224,4328770.316274904,7041706.532673007,gradient_boosting,Baseline
DE,P04,2027-03,9,5930233.864139761,4600515.068456317,7645452.481576396,gradient_boosting,Baseline
DE,P04,2027-04,10,5810600.565046834,4337634.317184676,7305478.5473428955,gradient_boosting,Baseline
DE,P04,2027-05,11,5897191.023588665,4430208.665810141,7759484.92396234,gradient_boosting,Baseline
DE,P04,2027-06,12,6067858.527382462,4833428.903525053,7898564.941254235,gradient_boosting,Baseline
DE,P05,2026-07,1,7486272.474672949,6705150.108382312,8517032.287225142,gradient_boosting,Baseline
DE,P05,2026-08,2,7557667.660684625,6563018.191472183,9014949.27853972,gradient_boosting,Baseline
DE,P05,2026-09,3,7869170.945205246,6995359.985368646,9359125.510827327,gradient_boosting,Baseline
DE,P05,2026-10,4,7506925.864013597,6498581.70653118,9598755.334401282,gradient_boosting,Baseline
DE,P05,2026-11,5,7568974.876109629,6158975.692006026,10243096.434677571,gradient_boosting,Baseline
DE,P05,2026-12,6,7271199.411746441,6224288.049395108,9461758.357139826,gradient_boosting,Baseline
DE,P05,2027-01,7,8056722.665095866,6477264.088142076,10837723.813912386,gradient_boosting,Baseline
DE,P05,2027-02,8,7781353.808989478,6005373.109145241,9769073.423650157,gradient_boosting,Baseline
DE,P05,2027-03,9,7617912.760459869,5909770.718589545,9821263.604979098,gradient_boosting,Baseline
DE,P05,2027-04,10,7830859.467104211,5845764.887349119,9845484.163602242,gradient_boosting,Baseline
DE,P05,2027-05,11,7261873.446771868,5455413.356158783,9555125.025551334,gradient_boosting,Baseline
DE,P05,2027-06,12,7015579.7803750755,5588348.168044475,9132218.927943032,gradient_boosting,Baseline
DE,P06,2026-07,1,6718295.10530722,6017303.979503234,7643314.683053662,gradient_boosting,Baseline
DE,P06,2026-08,2,6688401.074618864,5808154.035792743,7978069.313087212,gradient_boosting,Baseline
DE,P06,2026-09,3,6730947.337304104,5983527.362013949,8005389.81491843,gradient_boosting,Baseline
DE,P06,2026-10,4,6607038.039179948,5719568.47763705,8448110.820860483,gradient_boosting,Baseline
DE,P06,2026-11,5,6472419.748038762,5266694.175779838,8759127.983649591,gradient_boosting,Baseline
DE,P06,2026-12,6,6351167.183129393,5436722.57616818,8264552.485727136,gradient_boosting,Baseline
DE,P06,2027-01,7,6141757.5516134165,4937713.172067792,8261755.411386614,gradient_boosting,Baseline
DE,P06,2027-02,8,6930721.1060427595,5348884.934281084,8701149.571884876,gradient_boosting,Baseline
DE,P06,2027-03,9,7305990.052809667,5667789.516901032,9419122.59437155,gradient_boosting,Baseline
DE,P06,2027-04,10,7440516.016414463,5554372.090985652,9354718.076140717,gradient_boosting,Baseline
DE,P06,2027-05,11,7322545.539428226,5500992.688689114,9634956.963568794,gradient_boosting,Baseline
DE,P06,2027-06,12,7786294.718812191,6202270.830052788,10135462.81785395,gradient_boosting,Baseline
DE,P07,2026-07,1,2056123.3395491298,1841586.1404547049,2339224.083641461,gradient_boosting,Baseline
DE,P07,2026-08,2,2130757.85081554,1850333.0874511858,2541614.0021447237,gradient_boosting,Baseline
DE,P07,2026-09,3,2209135.857069401,1963828.2970841331,2627415.251333361,gradient_boosting,Baseline
DE,P07,2026-10,4,2215426.494205951,1917846.3126201483,2832762.3403308443,gradient_boosting,Baseline
DE,P07,2026-11,5,2288259.094673989,1861986.9099569046,3096701.8596210456,gradient_boosting,Baseline
DE,P07,2026-12,6,2257712.026375606,1932645.3847550368,2937881.967459842,gradient_boosting,Baseline
DE,P07,2027-01,7,2326503.554105109,1870410.4073514882,3129560.7431929302,gradient_boosting,Baseline
DE,P07,2027-02,8,2288198.458772406,1765950.4798283838,2872710.7519268165,gradient_boosting,Baseline
DE,P07,2027-03,9,2530220.804815594,1962876.8790156904,3262043.8543058615,gradient_boosting,Baseline
DE,P07,2027-04,10,2568648.116941692,1917505.1005641231,3229477.4875545083,gradient_boosting,Baseline
DE,P07,2027-05,11,2636142.3409846304,1980376.86020763,3468618.6474999613,gradient_boosting,Baseline
DE,P07,2027-06,12,2598545.6716128606,2069904.1844209859,3382541.2453878038,gradient_boosting,Baseline
ES,P01,2026-07,1,982761.2047416249,880219.2841338057,1118074.3073050336,gradient_boosting,Baseline
ES,P01,2026-08,2,892834.6316953578,775330.4581353065,1064992.4394966348,gradient_boosting,Baseline
ES,P01,2026-09,3,863998.8762033761,768058.4407280193,1027589.0535238907,gradient_boosting,Baseline
ES,P01,2026-10,4,985469.4466525047,853099.3690854666,1260073.7344817442,gradient_boosting,Baseline
ES,P01,2026-11,5,1173590.6297672207,954966.3302380426,1588220.62330829,gradient_boosting,Baseline
ES,P01,2026-12,6,1246085.194446004,1066673.1504831002,1621487.2312827755,gradient_boosting,Baseline
ES,P01,2027-01,7,1261219.6737933874,1013967.2469690213,1696564.6034289505,gradient_boosting,Baseline
ES,P01,2027-02,8,1035570.1655604319,799216.3545763931,1300102.9423715654,gradient_boosting,Baseline
ES,P01,2027-03,9,1070352.598518987,830350.6018244147,1379933.7628138897,gradient_boosting,Baseline
ES,P01,2027-04,10,836535.3207170946,624476.6395589114,1051748.5707682758,gradient_boosting,Baseline
ES,P01,2027-05,11,946889.9562680279,711342.0733782563,1245911.5383788198,gradient_boosting,Baseline
ES,P01,2027-06,12,967846.4714539822,770950.2599953336,1259851.0946564123,gradient_boosting,Baseline
ES,P02,2026-07,1,12549329.092607103,11239924.222648047,14277204.232994188,gradient_boosting,Baseline
ES,P02,2026-08,2,13378445.221117608,11617734.902073633,15958098.517813371,gradient_boosting,Baseline
ES,P02,2026-09,3,13790612.180430451,12259270.676982919,16401736.747939756,gradient_boosting,Baseline
ES,P02,2026-10,4,14138050.24586225,12239001.204769677,18077664.23617605,gradient_boosting,Baseline
ES,P02,2026-11,5,15747517.019374924,12813964.390067102,21311120.472247068,gradient_boosting,Baseline
ES,P02,2026-12,6,15764591.980309507,13494797.20059865,20513914.069751337,gradient_boosting,Baseline
ES,P02,2027-01,7,13503831.663691422,10856509.218876474,18165053.469531488,gradient_boosting,Baseline
ES,P02,2027-02,8,13241573.382083926,10219377.07287816,16624086.989180153,gradient_boosting,Baseline
ES,P02,2027-03,9,13703002.275372814,10630418.613362484,17666361.083129626,gradient_boosting,Baseline
ES,P02,2027-04,10,13355390.204265699,9969847.044364514,16791296.448006682,gradient_boosting,Baseline
ES,P02,2027-05,11,13919664.489583822,10457015.55202416,18315402.421509445,gradient_boosting,Baseline
ES,P02,2027-06,12,14977715.576863244,11930687.416540219,19496575.04729638,gradient_boosting,Baseline
ES,P03,2026-07,1,6068461.409488315,5435274.339159297,6904007.55960325,gradient_boosting,Baseline
ES,P03,2026-08,2,6158599.982835964,5348079.00215227,7346111.123792454,gradient_boosting,Baseline
ES,P03,2026-09,3,5515238.696965555,4902813.823610903,6559498.014021867,gradient_boosting,Baseline
ES,P03,2026-10,4,4805803.410157112,4160279.0132969934,6144956.265049095,gradient_boosting,Baseline
ES,P03,2026-11,5,4386100.5436856765,3569028.4448584854,5935711.450565183,gradient_boosting,Baseline
ES,P03,2026-12,6,4845247.147991967,4147625.7508344892,6304951.232785635,gradient_boosting,Baseline
ES,P03,2027-01,7,4594084.056140255,3693449.1742728096,6179859.509630273,gradient_boosting,Baseline
ES,P03,2027-02,8,4086960.3119290844,3154171.1324125137,5130960.029173166,gradient_boosting,Baseline
ES,P03,2027-03,9,4721873.423684911,3663101.7148186276,6087594.471291264,gradient_boosting,Baseline
ES,P03,2027-04,10,5064515.095758515,3780678.81853877,6367449.62428163,gradient_boosting,Baseline
ES,P03,2027-05,11,5907322.8158660745,4437820.0783908125,7772816.269193452,gradient_boosting,Baseline
ES,P03,2027-06,12,6173302.9168258095,4917421.955991601,8035822.48507315,gradient_boosting,Baseline
ES,P04,2026-07,1,2791238.823994803,2499999.21410118,3175555.159893995,gradient_boosting,Baseline
ES,P04,2026-08,2,2751442.853681259,2389330.9830814186,3281980.4842397915,gradient_boosting,Baseline
ES,P04,2026-09,3,2842766.771569169,2527099.3679057634,3381018.3052811176,gradient_boosting,Baseline
ES,P04,2026-10,4,2817988.1147765904,2439470.7425708324,3603229.7293168274,gradient_boosting,Baseline
ES,P04,2026-11,5,2825644.190158382,2299264.32129849,3823945.3035092223,gradient_boosting,Baseline
ES,P04,2026-12,6,2919951.0082916864,2499534.82727602,3799630.472313906,gradient_boosting,Baseline
ES,P04,2027-01,7,2939052.293820898,2362873.6729901046,3953547.659406439,gradient_boosting,Baseline
ES,P04,2027-02,8,2807519.6922324137,2166744.203772146,3524690.778110746,gradient_boosting,Baseline
ES,P04,2027-03,9,3018712.6064209025,2341835.6090739,3891823.546367768,gradient_boosting,Baseline
ES,P04,2027-04,10,2959934.624792464,2209601.892505832,3721429.250021852,gradient_boosting,Baseline
ES,P04,2027-05,11,3287867.360627607,2469979.082384008,4326154.115532219,gradient_boosting,Baseline
ES,P04,2027-06,12,3250396.9996492253,2589144.5450052144,4231059.717481957,gradient_boosting,Baseline
ES,P05,2026-07,1,6068377.97903168,5435199.613888845,6903912.641886149,gradient_boosting,Baseline
ES,P05,2026-08,2,6044195.983898906,5248731.48385546,7209647.562018653,gradient_boosting,Baseline
ES,P05,2026-09,3,6141091.226342677,5459170.2392018065,7303849.917735208,gradient_boosting,Baseline
ES,P05,2026-10,4,5960662.690512538,5160015.460530668,7621620.864993303,gradient_boosting,Baseline
ES,P05,2026-11,5,6058932.491117836,4930234.086267797,8199555.529456389,gradient_boosting,Baseline
ES,P05,2026-12,6,5921901.182935802,5069262.535022801,7705963.601724552,gradient_boosting,Baseline
ES,P05,2027-01,7,5948189.847258078,4782092.9289288875,8001372.448450004,gradient_boosting,Baseline
ES,P05,2027-02,8,5961907.017801056,4601188.5544343805,7484855.313298916,gradient_boosting,Baseline
ES,P05,2027-03,9,6014232.050244069,4665678.589785998,7753745.704931805,gradient_boosting,Baseline
ES,P05,2027-04,10,5971520.5293720355,4457761.652003724,7507797.969243731,gradient_boosting,Baseline
ES,P05,2027-05,11,5935614.584560479,4459074.000527589,7810042.3912197435,gradient_boosting,Baseline
ES,P05,2027-06,12,5883137.724742067,4686287.228659804,7658112.852750259,gradient_boosting,Baseline
ES,P06,2026-07,1,3154490.536892915,2825349.0154006905,3588821.785923155,gradient_boosting,Baseline
ES,P06,2026-08,2,3175041.128617217,2757180.339403748,3787257.65895465,gradient_boosting,Baseline
ES,P06,2026-09,3,3276609.624662814,2912767.306193295,3897005.2805739692,gradient_boosting,Baseline
ES,P06,2026-10,4,3341153.847444615,2892363.887033388,4272177.306286539,gradient_boosting,Baseline
ES,P06,2026-11,5,3330539.9472991596,2710104.7252007616,4507220.914077866,gradient_boosting,Baseline
ES,P06,2026-12,6,3279520.5122537077,2807333.3127393946,4267525.735038948,gradient_boosting,Baseline
ES,P06,2027-01,7,3267026.4857858154,2626551.0445167683,4394731.234708837,gradient_boosting,Baseline
ES,P06,2027-02,8,3406323.393556334,2628879.6796623375,4276456.790578766,gradient_boosting,Baseline
ES,P06,2027-03,9,3352941.048946127,2601120.996694449,4322721.843780626,gradient_boosting,Baseline
ES,P06,2027-04,10,3259510.068951779,2433236.04402332,4098075.6837453437,gradient_boosting,Baseline
ES,P06,2027-05,11,3341069.3999940096,2509946.608431075,4396157.006864105,gradient_boosting,Baseline
ES,P06,2027-06,12,3875606.474640417,3087163.0030070245,5044898.342397235,gradient_boosting,Baseline
ES,P07,2026-07,1,2864455.0245130872,2565575.9903274504,3258852.2541250493,gradient_boosting,Baseline
ES,P07,2026-08,2,2953437.450717392,2564741.4766948866,3522924.0039307396,gradient_boosting,Baseline
ES,P07,2026-09,3,2909054.309733247,2586026.1843684465,3459856.774263593,gradient_boosting,Baseline
ES,P07,2026-10,4,2953760.427740116,2557005.8675023117,3776835.4418189432,gradient_boosting,Baseline
ES,P07,2026-11,5,3040970.395259407,2474478.123005646,4115346.3346745702,gradient_boosting,Baseline
ES,P07,2026-12,6,2992920.6315064277,2561998.2432855787,3894583.2996499385,gradient_boosting,Baseline
ES,P07,2027-01,7,3023612.137542404,2430856.20904153,4067295.677067708,gradient_boosting,Baseline
ES,P07,2027-02,8,3010996.0448785243,2323780.0418182495,3780144.453367099,gradient_boosting,Baseline
ES,P07,2027-03,9,3202321.8449800746,2484274.6912502646,4128538.613723077,gradient_boosting,Baseline
ES,P07,2027-04,10,3168886.065271308,2365584.8978251624,3984137.080093164,gradient_boosting,Baseline
ES,P07,2027-05,11,3185306.635024655,2392931.3127729306,4191205.3914831793,gradient_boosting,Baseline
ES,P07,2027-06,12,3529087.133224128,2811138.670390545,4593832.202798577,gradient_boosting,Baseline
FR,P01,2026-07,1,1441830.6561887865,1291389.1410338401,1640351.4957565563,gradient_boosting,Baseline
FR,P01,2026-08,2,1492702.7768845914,1296251.160939137,1780528.1239809098,gradient_boosting,Baseline
FR,P01,2026-09,3,1297608.5753099225,1153519.1149869591,1543298.729283691,gradient_boosting,Baseline
FR,P01,2026-10,4,1261155.3138211756,1091754.6010120069,1612580.3711583854,gradient_boosting,Baseline
FR,P01,2026-11,5,1586691.5241259825,1291112.0313860553,2147270.212906513,gradient_boosting,Baseline
FR,P01,2026-12,6,1429460.4843073292,1223645.9634407999,1860107.1044408954,gradient_boosting,Baseline
FR,P01,2027-01,7,1405614.2026043606,1130054.3378209171,1890800.906271171,gradient_boosting,Baseline
FR,P01,2027-02,8,1336425.391661204,1031405.7561795083,1677810.5837169462,gradient_boosting,Baseline
FR,P01,2027-03,9,1575665.455295636,1222358.6516153656,2031399.71227285,gradient_boosting,Baseline
FR,P01,2027-04,10,1328881.7062580462,992014.9953548507,1670759.620859661,gradient_boosting,Baseline
FR,P01,2027-05,11,1281961.2752958084,963061.2147938199,1686796.1626089592,gradient_boosting,Baseline
FR,P01,2027-06,12,1285163.8211700746,1023713.3794363113,1672904.84045632,gradient_boosting,Baseline
FR,P02,2026-07,1,13876224.497149551,12428370.528293429,15786795.426808223,gradient_boosting,Baseline
FR,P02,2026-08,2,14028923.064655215,12182604.662422447,16734002.543973502,gradient_boosting,Baseline
FR,P02,2026-09,3,13998270.337646723,12443869.991668185,16648713.052085033,gradient_boosting,Baseline
FR,P02,2026-10,4,14411523.463316454,12475740.994181149,18427341.661050867,gradient_boosting,Baseline
FR,P02,2026-11,5,16016054.917571563,13032477.255342405,21674532.90690528,gradient_boosting,Baseline
FR,P02,2026-12,6,16367550.718773745,14010941.602310209,21298523.26001204,gradient_boosting,Baseline
FR,P02,2027-01,7,14087621.370401053,11325851.438967936,18950354.37533704,gradient_boosting,Baseline
FR,P02,2027-02,8,13837512.321109677,10679301.626749916,17372256.44584065,gradient_boosting,Baseline
FR,P02,2027-03,9,14155257.703576637,10981266.14482736,18249423.65116359,gradient_boosting,Baseline
FR,P02,2027-04,10,14500814.001478853,10824910.047730967,18231400.42426224,gradient_boosting,Baseline
FR,P02,2027-05,11,14646977.71958231,11003402.698278897,19272396.35651976,gradient_boosting,Baseline
FR,P02,2027-06,12,15221272.138612004,12124695.454118423,19813613.968220435,gradient_boosting,Baseline
FR,P03,2026-07,1,15588404.252682535,13961900.374050684,17734719.484975066,gradient_boosting,Baseline
FR,P03,2026-08,2,15419505.40453115,13390175.252066366,18392719.204250548,gradient_boosting,Baseline
FR,P03,2026-09,3,13503657.904580522,12004180.468257166,16060450.340229368,gradient_boosting,Baseline
FR,P03,2026-10,4,12338803.741683528,10681432.816669922,15777051.802705897,gradient_boosting,Baseline
FR,P03,2026-11,5,10898373.456760755,8868151.67195978,14748772.73685825,gradient_boosting,Baseline
FR,P03,2026-12,6,11382534.444885518,9743670.762580883,14811695.33534492,gradient_boosting,Baseline
FR,P03,2027-01,7,11529357.920759205,9269115.882938413,15509035.384606307,gradient_boosting,Baseline
FR,P03,2027-02,8,10832568.832717106,8360192.733533127,13599710.653344586,gradient_boosting,Baseline
FR,P03,2027-03,9,11411338.881632123,8852608.122871289,14711873.28686223,gradient_boosting,Baseline
FR,P03,2027-04,10,12482454.585289856,9318197.450630663,15693782.969623554,gradient_boosting,Baseline
FR,P03,2027-05,11,13871543.037340598,10420864.768729782,18252084.53309327,gradient_boosting,Baseline
FR,P03,2027-06,12,13444313.29622277,10709236.575105375,17500536.833806448,gradient_boosting,Baseline
FR,P04,2026-07,1,1558340.2766004347,1395742.0745630027,1772902.9360328072,gradient_boosting,Baseline
FR,P04,2026-08,2,1550654.5411045793,1346576.0098051738,1849654.2404629567,gradient_boosting,Baseline
FR,P04,2026-09,3,1564900.5333973183,1391130.3552351699,1861199.9416469825,gradient_boosting,Baseline
FR,P04,2026-10,4,1629012.1764225895,1410200.249900484,2082941.752921599,gradient_boosting,Baseline
FR,P04,2026-11,5,1594531.622118284,1297491.6235696601,2157880.220352296,gradient_boosting,Baseline
FR,P04,2026-12,6,1602070.5075782193,1371403.4989190854,2084718.5114078203,gradient_boosting,Baseline
FR,P04,2027-01,7,1638453.7608771042,1317247.4896508444,2204011.492065032,gradient_boosting,Baseline
FR,P04,2027-02,8,1693872.6143100539,1307270.855174772,2126566.4491940252,gradient_boosting,Baseline
FR,P04,2027-03,9,1706041.5190802962,1323500.876314856,2199484.8204214787,gradient_boosting,Baseline
FR,P04,2027-04,10,1727516.4054682965,1289597.2386975465,2171950.0246236306,gradient_boosting,Baseline
FR,P04,2027-05,11,1896265.6052240047,1424551.499745867,2495093.7347472813,gradient_boosting,Baseline
FR,P04,2027-06,12,1627933.3969399913,1296750.7891417122,2119089.8894134117,gradient_boosting,Baseline
FR,P05,2026-07,1,3970144.6843610513,3555897.2974464064,4516780.624276645,gradient_boosting,Baseline
FR,P05,2026-08,2,3936724.875035999,3418620.4169953996,4695810.488814254,gradient_boosting,Baseline
FR,P05,2026-09,3,4118364.867038364,3661052.097690428,4898139.074419157,gradient_boosting,Baseline
FR,P05,2026-10,4,4033932.11499623,3492086.8971906034,5158000.506312522,gradient_boosting,Baseline
FR,P05,2026-11,5,4166216.606335363,3390105.955701112,5638142.438700062,gradient_boosting,Baseline
FR,P05,2026-12,6,4085907.906013763,3497616.598060274,5316849.543938424,gradient_boosting,Baseline
FR,P05,2027-01,7,4043045.3142505228,3250437.3439810337,5438614.471962638,gradient_boosting,Baseline
FR,P05,2027-02,8,4027142.188050951,3108005.624276608,5055861.574768561,gradient_boosting,Baseline
FR,P05,2027-03,9,4236651.987074113,3286680.045487074,5462031.041308689,gradient_boosting,Baseline
FR,P05,2027-04,10,4445638.551389491,3318685.2419876843,5589356.332937799,gradient_boosting,Baseline
FR,P05,2027-05,11,4798210.900062108,3604610.3008723785,6313454.14996695,gradient_boosting,Baseline
FR,P05,2027-06,12,4551452.317389148,3625516.4955822914,5924650.606748451,gradient_boosting,Baseline
FR,P06,2026-07,1,1947156.7019513,1743989.1501807082,2215254.19424846,gradient_boosting,Baseline
FR,P06,2026-08,2,2021180.815426719,1755177.2657198978,2410908.146783853,gradient_boosting,Baseline
FR,P06,2026-09,3,2047865.70308718,1820465.9543599791,2435610.088784476,gradient_boosting,Baseline
FR,P06,2026-10,4,2140034.213132641,1852580.8620919448,2736361.753295047,gradient_boosting,Baseline
FR,P06,2026-11,5,2353471.01565387,1915050.7188237857,3184953.1758456314,gradient_boosting,Baseline
FR,P06,2026-12,6,2166289.3170104767,1854385.7682706607,2818916.782297892,gradient_boosting,Baseline
FR,P06,2027-01,7,2148101.3126351,1726982.5546187677,2889578.0230217054,gradient_boosting,Baseline
FR,P06,2027-02,8,2141841.933818767,1652997.700546051,2688967.964566263,gradient_boosting,Baseline
FR,P06,2027-03,9,2292651.2219368997,1778576.8208933016,2955761.3368573766,gradient_boosting,Baseline
FR,P06,2027-04,10,2356896.460451983,1759431.723874693,2963249.0372364093,gradient_boosting,Baseline
FR,P06,2027-05,11,2409322.2509326856,1809980.424937255,3170170.27399979,gradient_boosting,Baseline
FR,P06,2027-06,12,2500354.8900800054,1991689.084418424,3254725.7630277816,gradient_boosting,Baseline
FR,P07,2026-07,1,4560612.624305075,4084755.442124732,5188548.119527246,gradient_boosting,Baseline
FR,P07,2026-08,2,4388966.11055212,3811343.0913551357,5235253.605776168,gradient_boosting,Baseline
FR,P07,2026-09,3,4585389.411796124,4076217.1557800677,5453590.387074668,gradient_boosting,Baseline
FR,P07,2026-10,4,4563558.672120801,3950573.036226836,5835209.237626944,gradient_boosting,Baseline
FR,P07,2026-11,5,4507119.193651996,3667502.9325694353,6099486.033291323,gradient_boosting,Baseline
FR,P07,2026-12,6,4737576.5014480455,4055457.584263328,6164843.173294124,gradient_boosting,Baseline
FR,P07,2027-01,7,4558584.878675581,3664909.337802246,6132106.807076669,gradient_boosting,Baseline
FR,P07,2027-02,8,4579054.123908069,3533951.6973601375,5748757.484288613,gradient_boosting,Baseline
FR,P07,2027-03,9,4888052.149728399,3792018.6767352447,6301837.548802455,gradient_boosting,Baseline
FR,P07,2027-04,10,4813028.224873253,3592942.9607282593,6051263.385075585,gradient_boosting,Baseline
FR,P07,2027-05,11,4996913.673506823,3753883.8694771808,6574905.9443426905,gradient_boosting,Baseline
FR,P07,2027-06,12,5253273.58798431,4184561.041379679,6838215.2289184965,gradient_boosting,Baseline
GR,P01,2026-07,1,617257.203169038,552852.1993730196,702245.28250859,gradient_boosting,Baseline
GR,P01,2026-08,2,494301.4167053202,429247.39953617053,589613.4098472814,gradient_boosting,Baseline
GR,P01,2026-09,3,491682.2804923329,437084.7417626099,584777.76205655,gradient_boosting,Baseline
GR,P01,2026-10,4,441811.13757799525,382466.2489568033,564923.257595261,gradient_boosting,Baseline
GR,P01,2026-11,5,359913.05843275785,292866.050476608,487070.47202161764,gradient_boosting,Baseline
GR,P01,2026-12,6,563680.9456328512,482521.84748315037,733498.3674751258,gradient_boosting,Baseline
GR,P01,2027-01,7,362932.83155202074,291782.63841748476,488209.1583470417,gradient_boosting,Baseline
GR,P01,2027-02,8,376260.1989593812,290384.28740534873,472374.5507863954,gradient_boosting,Baseline
GR,P01,2027-03,9,448971.039736859,348299.5917075086,578828.2264328599,gradient_boosting,Baseline
GR,P01,2027-04,10,515196.201787355,384595.82618686167,647739.3786918698,gradient_boosting,Baseline
GR,P01,2027-05,11,509253.3403650307,382571.7282268056,670072.1752498451,gradient_boosting,Baseline
GR,P01,2027-06,12,437652.52265564486,348617.6124836197,569694.7046968394,gradient_boosting,Baseline
GR,P02,2026-07,1,2838616.9895213926,2542433.9121154873,3229456.666533598,gradient_boosting,Baseline
GR,P02,2026-08,2,3013017.2676483295,2616480.1135228127,3593992.096862525,gradient_boosting,Baseline
GR,P02,2026-09,3,3058994.2477747113,2719316.4445607234,3638186.4495225586,gradient_boosting,Baseline
GR,P02,2026-10,4,3244226.692418722,2808456.1666259016,4148241.0821640724,gradient_boosting,Baseline
GR,P02,2026-11,5,3559361.2604867755,2896299.67614236,4816884.879892879,gradient_boosting,Baseline
GR,P02,2026-12,6,3691794.4563409025,3160247.8235302037,4804003.448687718,gradient_boosting,Baseline
GR,P02,2027-01,7,2597945.8823698713,2088638.5527099082,3494698.915055748,gradient_boosting,Baseline
GR,P02,2027-02,8,2487369.2681968147,1919663.4521985948,3122759.0480044317,gradient_boosting,Baseline
GR,P02,2027-03,9,2698128.637052747,2093135.2347594583,3478516.1523743076,gradient_boosting,Baseline
GR,P02,2027-04,10,2472190.0968253086,1845498.8400165713,3108203.9653443773,gradient_boosting,Baseline
GR,P02,2027-05,11,2487584.5487907575,1868774.231817544,3273147.287617845,gradient_boosting,Baseline
GR,P02,2027-06,12,2460631.7858089455,1960047.1469119634,3203017.978916255,gradient_boosting,Baseline
GR,P03,2026-07,1,2829319.631083613,2534106.645889518,3218879.1859157914,gradient_boosting,Baseline
GR,P03,2026-08,2,2902614.815772379,2520607.5067112874,3462301.6668816493,gradient_boosting,Baseline
GR,P03,2026-09,3,2687008.083229851,2388636.484919816,3195768.153299384,gradient_boosting,Baseline
GR,P03,2026-10,4,2509764.255926621,2172648.08214723,3209118.2830444537,gradient_boosting,Baseline
GR,P03,2026-11,5,2507794.5171198924,2040625.8078935782,3393799.2261401014,gradient_boosting,Baseline
GR,P03,2026-12,6,2424278.337879913,2075229.3854706855,3154628.902958245,gradient_boosting,Baseline
GR,P03,2027-01,7,2284135.6179225743,1836348.379535546,3072568.339457718,gradient_boosting,Baseline
GR,P03,2027-02,8,2223442.1055167047,1715973.821263028,2791412.614721958,gradient_boosting,Baseline
GR,P03,2027-03,9,2134560.956602156,1655934.6680691573,2751946.1688375375,gradient_boosting,Baseline
GR,P03,2027-04,10,2263283.167022466,1689549.062077706,2845552.0970940543,gradient_boosting,Baseline
GR,P03,2027-05,11,2568286.8192794095,1929401.0449289514,3379334.801076609,gradient_boosting,Baseline
GR,P03,2027-06,12,2675270.4743932406,2131020.289501953,3482414.344707932,gradient_boosting,Baseline
GR,P04,2026-07,1,555645.8206592035,497669.3871642709,632150.8348549512,gradient_boosting,Baseline
GR,P04,2026-08,2,590027.0652848044,512374.78767018614,703797.0317454154,gradient_boosting,Baseline
GR,P04,2026-09,3,550361.4065490334,489248.00181271153,654567.2366345475,gradient_boosting,Baseline
GR,P04,2026-10,4,584263.5424895814,505784.1835387305,747070.4915380127,gradient_boosting,Baseline
GR,P04,2026-11,5,652385.6521031216,530854.8963214222,882873.7387125525,gradient_boosting,Baseline
GR,P04,2026-12,6,627826.5780797346,537431.755856043,816968.8431847917,gradient_boosting,Baseline
GR,P04,2027-01,7,520570.5648173112,418516.7052408257,700259.9247438863,gradient_boosting,Baseline
GR,P04,2027-02,8,506231.60453803866,390691.61222049454,635546.697335764,gradient_boosting,Baseline
GR,P04,2027-03,9,572648.0854607472,444244.89934799314,738276.74023627,gradient_boosting,Baseline
GR,P04,2027-04,10,484752.36127365363,361869.3892409994,609463.331098882,gradient_boosting,Baseline
GR,P04,2027-05,11,543986.7923756798,408664.90368535445,715774.221555578,gradient_boosting,Baseline
GR,P04,2027-06,12,543561.6667905275,432980.87113559205,707557.222263294,gradient_boosting,Baseline
GR,P05,2026-07,1,959558.8639364261,859437.8901234977,1091677.3138151977,gradient_boosting,Baseline
GR,P05,2026-08,2,1070794.6851510094,929869.5462008701,1277267.0363083696,gradient_boosting,Baseline
GR,P05,2026-09,3,1046669.5055589403,930444.9004953757,1244846.6730603224,gradient_boosting,Baseline
GR,P05,2026-10,4,1079707.609219206,934679.2874710796,1380571.6695922515,gradient_boosting,Baseline
GR,P05,2026-11,5,1059368.207255522,862022.0233475458,1433643.377652115,gradient_boosting,Baseline
GR,P05,2026-12,6,1056676.6414579486,904535.7470016009,1375016.4831069876,gradient_boosting,Baseline
GR,P05,2027-01,7,1069567.1032513126,859886.690373677,1438757.835826053,gradient_boosting,Baseline
GR,P05,2027-02,8,1015873.5746732572,784015.2237501577,1275374.926232508,gradient_boosting,Baseline
GR,P05,2027-03,9,1089856.7395576779,845481.3870179612,1405079.1427300165,gradient_boosting,Baseline
GR,P05,2027-04,10,993681.2523593369,741786.6453434604,1249323.0244866174,gradient_boosting,Baseline
GR,P05,2027-05,11,1022737.7358750028,768321.9963879057,1345711.5448602433,gradient_boosting,Baseline
GR,P05,2027-06,12,978145.2777430735,779153.9034660679,1273257.1076550174,gradient_boosting,Baseline
GR,P07,2026-07,1,1157321.9451047778,1036566.2473421445,1316669.7320353964,gradient_boosting,Baseline
GR,P07,2026-08,2,1235945.1972844861,1073284.9309632068,1474262.1354648315,gradient_boosting,Baseline
GR,P07,2026-09,3,1234517.9918706971,1097434.2559951448,1468262.528765158,gradient_boosting,Baseline
GR,P07,2026-10,4,1254756.4789918303,1086215.2695042272,1604398.480053457,gradient_boosting,Baseline
GR,P07,2026-11,5,1218517.1661825385,991523.6514390066,1649019.7212720932,gradient_boosting,Baseline
GR,P07,2026-12,6,1276771.4947738212,1092941.220108866,1661418.2443295887,gradient_boosting,Baseline
GR,P07,2027-01,7,1260479.2629526947,1013371.9879849101,1695568.6192634513,gradient_boosting,Baseline
GR,P07,2027-02,8,1380269.035130772,1065242.7264500181,1732853.932564513,gradient_boosting,Baseline
GR,P07,2027-03,9,1135549.1947138517,880928.3581284733,1463987.3582686228,gradient_boosting,Baseline
GR,P07,2027-04,10,1251636.1503099683,934350.9087291181,1573641.3031334605,gradient_boosting,Baseline
GR,P07,2027-05,11,1297130.6486985446,974457.0622803434,1706755.9237484003,gradient_boosting,Baseline
GR,P07,2027-06,12,1288053.572613062,1026015.2472345647,1676666.4458618378,gradient_boosting,Baseline
HR,P05,2026-07,1,186804.44786014344,167313.15458437926,212524.92735266275,gradient_boosting,Baseline
HR,P05,2026-08,2,181343.01921959617,157476.8284964368,216309.8714681802,gradient_boosting,Baseline
HR,P05,2026-09,3,194387.8049104473,172802.53302194882,231193.33365601976,gradient_boosting,Baseline
HR,P05,2026-10,4,194640.5911396067,168496.10717375425,248877.82913223322,gradient_boosting,Baseline
HR,P05,2026-11,5,197803.24358136128,160955.13447439612,267687.201009353,gradient_boosting,Baseline
HR,P05,2026-12,6,191794.03421301456,164179.42178408956,249574.89174797427,gradient_boosting,Baseline
HR,P05,2027-01,7,190318.79325457037,153008.2560973565,256012.60011419075,gradient_boosting,Baseline
HR,P05,2027-02,8,188035.0388155694,145118.77925092675,236067.93181490822,gradient_boosting,Baseline
HR,P05,2027-03,9,195210.1507268422,151438.75612816832,251671.3447556314,gradient_boosting,Baseline
HR,P05,2027-04,10,195753.9652718655,146131.04239103335,246115.0749981716,gradient_boosting,Baseline
HR,P05,2027-05,11,217647.79397624754,163505.83508506807,286379.5270217708,gradient_boosting,Baseline
HR,P05,2027-06,12,188329.74325189594,150016.42182647254,245149.86642025842,gradient_boosting,Baseline
HR,P06,2026-07,1,149573.96493972023,133967.32360727378,170168.3037893344,gradient_boosting,Baseline
HR,P06,2026-08,2,141397.6725668587,122788.60872853687,168662.1989115526,gradient_boosting,Baseline
HR,P06,2026-09,3,148720.22094983867,132205.9833102978,176879.01604369175,gradient_boosting,Baseline
HR,P06,2026-10,4,146392.78736012918,126729.03757677514,187185.61686176353,gradient_boosting,Baseline
HR,P06,2026-11,5,158674.06939996622,129115.20415673188,214733.675451433,gradient_boosting,Baseline
HR,P06,2026-12,6,118764.29239650852,101664.5430827076,154543.83417089653,gradient_boosting,Baseline
HR,P06,2027-01,7,119620.50775651107,96169.82628101303,160910.84171998187,gradient_boosting,Baseline
HR,P06,2027-02,8,135750.85520885978,104767.69922387396,170427.9363735645,gradient_boosting,Baseline
HR,P06,2027-03,9,146829.07129048216,113906.02300594033,189296.8663940229,gradient_boosting,Baseline
HR,P06,2027-04,10,123139.2889546453,91923.9241424409,154819.0111715188,gradient_boosting,Baseline
HR,P06,2027-05,11,141548.35982877063,106336.85899545853,186248.395161288,gradient_boosting,Baseline
HR,P06,2027-06,12,157306.33632399252,125304.33747999842,204766.52636491493,gradient_boosting,Baseline
HU,P01,2026-07,1,1001222.3262017736,896754.1605997846,1139077.2788194173,gradient_boosting,Baseline
HU,P01,2026-08,2,851509.7925350461,739444.2980994973,1015699.2784713093,gradient_boosting,Baseline
HU,P01,2026-09,3,979086.6456646605,870366.5978262386,1164467.6251865916,gradient_boosting,Baseline
HU,P01,2026-10,4,997348.0618354304,863382.4267211807,1275262.364677094,gradient_boosting,Baseline
HU,P01,2026-11,5,973837.4701191297,792424.5230829978,1317894.600181284,gradient_boosting,Baseline
HU,P01,2026-12,6,981919.9846302926,840542.5954792512,1277738.2512174544,gradient_boosting,Baseline
HU,P01,2027-01,7,945068.012613985,759794.6899024268,1271284.4331165224,gradient_boosting,Baseline
HU,P01,2027-02,8,964333.8297094326,744238.6750857871,1210669.5336816462,gradient_boosting,Baseline
HU,P01,2027-03,9,907317.4084170357,703872.3100848242,1169743.4351968425,gradient_boosting,Baseline
HU,P01,2027-04,10,1081283.4077760365,807181.9708939027,1359462.356890124,gradient_boosting,Baseline
HU,P01,2027-05,11,1031927.9624995348,775226.0667274798,1357803.9842361442,gradient_boosting,Baseline
HU,P01,2027-06,12,978963.0413500683,779805.3033358015,1274321.5950565105,gradient_boosting,Baseline
HU,P02,2026-07,1,2588847.3107990846,2318725.358356407,2945297.0363244824,gradient_boosting,Baseline
HU,P02,2026-08,2,2609465.1170890206,2266038.651389435,3112626.3724257564,gradient_boosting,Baseline
HU,P02,2026-09,3,2610790.9549921434,2320882.683053479,3105120.018417251,gradient_boosting,Baseline
HU,P02,2026-10,4,2646649.8285574084,2291146.9316497706,3384147.4686650303,gradient_boosting,Baseline
HU,P02,2026-11,5,3196187.0354614644,2600779.9709635135,4325401.069943228,gradient_boosting,Baseline
HU,P02,2026-12,6,2998570.417175543,2566834.569650815,3901935.168818104,gradient_boosting,Baseline
HU,P02,2027-01,7,2576393.2442391003,2071311.1436911067,3465706.7864654916,gradient_boosting,Baseline
HU,P02,2027-02,8,2480947.157070582,1914707.0944222827,3114696.4310527993,gradient_boosting,Baseline
HU,P02,2027-03,9,2568143.588212308,1992296.3488800032,3310935.1535481974,gradient_boosting,Baseline
HU,P02,2027-04,10,2658084.5611300585,1984269.7293104297,3341923.0113957217,gradient_boosting,Baseline
HU,P02,2027-05,11,2960476.0004683877,2224029.4370211363,3895374.7303589266,gradient_boosting,Baseline
HU,P02,2027-06,12,2790606.5003501805,2222892.6492417683,3632547.886381003,gradient_boosting,Baseline
HU,P03,2026-07,1,2970678.437344842,2660715.9856283423,3379701.213311086,gradient_boosting,Baseline
HU,P03,2026-08,2,3087363.5537989954,2681041.83419935,3682673.9533276637,gradient_boosting,Baseline
HU,P03,2026-09,3,2790852.662556785,2480949.9217455457,3319274.741008223,gradient_boosting,Baseline
HU,P03,2026-10,4,2367030.1344095003,2049086.2716549342,3026610.831241668,gradient_boosting,Baseline
HU,P03,2026-11,5,2470064.8475980493,2009924.6731618573,3342739.650743625,gradient_boosting,Baseline
HU,P03,2026-12,6,2362629.1742012524,2022456.5028950274,3074406.9950423483,gradient_boosting,Baseline
HU,P03,2027-01,7,2165433.709678936,1740917.0683907052,2912893.177334756,gradient_boosting,Baseline
HU,P03,2027-02,8,2200282.1324085095,1698099.774776181,2762336.507486949,gradient_boosting,Baseline
HU,P03,2027-03,9,2355602.4542495837,1827412.684615922,3036920.1353684566,gradient_boosting,Baseline
HU,P03,2027-04,10,2479404.294032203,1850884.2642984951,3117274.140163879,gradient_boosting,Baseline
HU,P03,2027-05,11,2831067.4925055206,2126812.5262727076,3725099.8719468843,gradient_boosting,Baseline
HU,P03,2027-06,12,3220952.2884674985,2565689.9905788936,4192731.3743942236,gradient_boosting,Baseline
HU,P04,2026-07,1,704303.2694835886,630815.8245226319,801276.4304911321,gradient_boosting,Baseline
HU,P04,2026-08,2,694724.6837314032,603293.3627278509,828682.6131516893,gradient_boosting,Baseline
HU,P04,2026-09,3,721439.6179668832,641329.2925680047,858037.5213667783,gradient_boosting,Baseline
HU,P04,2026-10,4,726781.0017433605,629158.4342433641,929300.9074284036,gradient_boosting,Baseline
HU,P04,2026-11,5,760612.6440993397,618920.6415292126,1029337.3660858457,gradient_boosting,Baseline
HU,P04,2026-12,6,799031.8127130478,683986.7649513123,1039752.2476614898,gradient_boosting,Baseline
HU,P04,2027-01,7,803982.2255674397,646367.6874138194,1081498.9759723647,gradient_boosting,Baseline
HU,P04,2027-02,8,838871.0042853049,647410.9126559373,1053157.6683181983,gradient_boosting,Baseline
HU,P04,2027-03,9,820673.651044757,636656.4261060795,1058039.454377347,gradient_boosting,Baseline
HU,P04,2027-04,10,799356.4530214032,596722.4804860962,1005004.7931974656,gradient_boosting,Baseline
HU,P04,2027-05,11,864235.9473523414,649249.035337343,1137155.9404134634,gradient_boosting,Baseline
HU,P04,2027-06,12,867376.9036986668,690919.9642127634,1129069.30369112,gradient_boosting,Baseline
HU,P05,2026-07,1,1356819.8333589232,1215248.4007869754,1543635.8171254292,gradient_boosting,Baseline
HU,P05,2026-08,2,1401651.4643515039,1217182.9288679294,1671920.151113802,gradient_boosting,Baseline
HU,P05,2026-09,3,1392929.1026070418,1238255.0302544748,1656667.3147349395,gradient_boosting,Baseline
HU,P05,2026-10,4,1432545.4636987986,1240123.3091690454,1831728.947446855,gradient_boosting,Baseline
HU,P05,2026-11,5,1396828.3638465444,1136617.8484737263,1890328.329498581,gradient_boosting,Baseline
HU,P05,2026-12,6,1425125.4190868076,1219935.0633378746,1854466.0351679563,gradient_boosting,Baseline
HU,P05,2027-01,7,1370529.335996033,1101847.5897465535,1843605.5254500927,gradient_boosting,Baseline
HU,P05,2027-02,8,1485321.1915211957,1146318.257846103,1864741.2948773832,gradient_boosting,Baseline
HU,P05,2027-03,9,1450137.888037352,1124977.7594096633,1869565.4452628235,gradient_boosting,Baseline
HU,P05,2027-04,10,1449081.366862398,1081744.4763120718,1821882.7331976905,gradient_boosting,Baseline
HU,P05,2027-05,11,1537811.0235625077,1155265.9046847564,2023441.5682832873,gradient_boosting,Baseline
HU,P05,2027-06,12,1358113.974417345,1081822.7400337546,1767864.4576421499,gradient_boosting,Baseline
HU,P06,2026-07,1,819258.2498734102,733776.330145101,932059.1775618251,gradient_boosting,Baseline
HU,P06,2026-08,2,833078.8656004667,723439.028459686,993714.4706004836,gradient_boosting,Baseline
HU,P06,2026-09,3,830003.0591835389,737837.5979344866,987156.4437169273,gradient_boosting,Baseline
HU,P06,2026-10,4,814532.5542410429,705123.036013956,1041504.7173363892,gradient_boosting,Baseline
HU,P06,2026-11,5,844067.6139583638,686829.0623064017,1142277.0069501936,gradient_boosting,Baseline
HU,P06,2026-12,6,834697.4856908602,714517.2743650421,1086162.7447819063,gradient_boosting,Baseline
HU,P06,2027-01,7,897220.685800537,721327.4638894215,1206921.275193178,gradient_boosting,Baseline
HU,P06,2027-02,8,903532.4629301939,697314.3349236046,1134336.6704158129,gradient_boosting,Baseline
HU,P06,2027-03,9,939143.0332647008,728561.7692240482,1210774.0771653946,gradient_boosting,Baseline
HU,P06,2027-04,10,951688.3189655701,710438.7688324228,1196526.679149517,gradient_boosting,Baseline
HU,P06,2027-05,11,991384.4453918929,744768.1351267847,1304457.0927241049,gradient_boosting,Baseline
HU,P06,2027-06,12,977120.2862145485,778337.4335932974,1271922.8705241159,gradient_boosting,Baseline
HU,P07,2026-07,1,1058906.6668868652,948419.680991293,1204703.9833969425,gradient_boosting,Baseline
HU,P07,2026-08,2,1074468.1021626317,933059.5121737793,1281648.767488608,gradient_boosting,Baseline
HU,P07,2026-09,3,1104869.7647289722,982182.4681465391,1314066.6117460998,gradient_boosting,Baseline
HU,P07,2026-10,4,1125789.5654010708,974571.4301230022,1439494.5137408453,gradient_boosting,Baseline
HU,P07,2026-11,5,1175053.9172620235,956157.0267667567,1590200.890803725,gradient_boosting,Baseline
HU,P07,2026-12,6,1109947.489281432,950136.6283298183,1444335.980626408,gradient_boosting,Baseline
HU,P07,2027-01,7,1153951.5063336454,927728.1795752909,1552269.8546485724,gradient_boosting,Baseline
HU,P07,2027-02,8,1244172.7365525414,960208.4262757086,1561992.310521085,gradient_boosting,Baseline
HU,P07,2027-03,9,1232419.1370350677,956077.4398576295,1588875.2729575213,gradient_boosting,Baseline
HU,P07,2027-04,10,1265136.9383072276,944429.2957513165,1590615.4034836895,gradient_boosting,Baseline
HU,P07,2027-05,11,1339350.1847636127,1006174.0871814847,1762308.1099135047,gradient_boosting,Baseline
HU,P07,2027-06,12,1310361.7945049333,1043785.1415048146,1705705.1814456852,gradient_boosting,Baseline
IT,P01,2026-07,1,112300.5899086959,100583.0759092943,127762.88244418701,gradient_boosting,Baseline
IT,P01,2026-08,2,97682.5505349601,84826.7461515064,116517.85683194322,gradient_boosting,Baseline
IT,P01,2026-09,3,75616.25393667504,67219.65003878745,89933.49060273517,gradient_boosting,Baseline
IT,P01,2026-10,4,93999.26585920725,81373.11072543432,120192.46905329976,gradient_boosting,Baseline
IT,P01,2026-11,5,58152.05837571388,47319.104613044525,78697.20161148139,gradient_boosting,Baseline
IT,P01,2026-12,6,59202.35555606823,50678.36725649211,77037.96178936725,gradient_boosting,Baseline
IT,P01,2027-01,7,62896.56037527876,50566.17296154694,84607.05159251323,gradient_boosting,Baseline
IT,P01,2027-02,8,61730.807390354435,47641.64948772606,77499.72623027321,gradient_boosting,Baseline
IT,P01,2027-03,9,29361.59647835849,22777.93256172312,37853.93557848736,gradient_boosting,Baseline
IT,P01,2027-04,10,48936.91040405802,36531.58043981345,61526.78111805568,gradient_boosting,Baseline
IT,P01,2027-05,11,49872.61410419984,37466.32698639921,65622.05560447229,gradient_boosting,Baseline
IT,P01,2027-06,12,96825.35364273324,77127.45127113331,126038.0973379327,gradient_boosting,Baseline
IT,P02,2026-07,1,4342081.895860836,3889026.34697491,4939928.626153579,gradient_boosting,Baseline
IT,P02,2026-08,2,4446694.956353108,3861474.359647801,5304113.820351601,gradient_boosting,Baseline
IT,P02,2026-09,3,4494416.231442069,3995345.8479864253,5345392.278407132,gradient_boosting,Baseline
IT,P02,2026-10,4,4982168.05845075,4312954.0360481925,6370465.500024177,gradient_boosting,Baseline
IT,P02,2026-11,5,5965818.756577707,4854466.199993702,8073544.678859176,gradient_boosting,Baseline
IT,P02,2026-12,6,5611676.2002703985,4803703.919052415,7302278.644661473,gradient_boosting,Baseline
IT,P02,2027-01,7,4699149.768445402,3777917.5609230655,6321191.564810506,gradient_boosting,Baseline
IT,P02,2027-02,8,4884836.82355925,3769943.9484264734,6132651.3050686605,gradient_boosting,Baseline
IT,P02,2027-03,9,5034228.622626923,3905418.431556045,6490293.063892369,gradient_boosting,Baseline
IT,P02,2027-04,10,5010282.564469673,3740194.0379738575,6299264.831769472,gradient_boosting,Baseline
IT,P02,2027-05,11,5244414.362587113,3939816.408065736,6900565.7131897425,gradient_boosting,Baseline
IT,P02,2027-06,12,5753890.990019055,4583334.11917689,7489871.664685654,gradient_boosting,Baseline
IT,P03,2026-07,1,1483281.938238004,1328515.3703108528,1687510.0661605122,gradient_boosting,Baseline
IT,P03,2026-08,2,1571197.4931673405,1364415.3451858235,1874158.3175396256,gradient_boosting,Baseline
IT,P03,2026-09,3,1256036.9972883004,1116563.7412320813,1493855.958361987,gradient_boosting,Baseline
IT,P03,2026-10,4,1245780.4204240164,1078444.891714142,1592921.213377263,gradient_boosting,Baseline
IT,P03,2026-11,5,1211993.3954036788,986215.1722453396,1640191.0999198793,gradient_boosting,Baseline
IT,P03,2026-12,6,1187633.9451206499,1016637.7447616896,1545426.6578516588,gradient_boosting,Baseline
IT,P03,2027-01,7,1107822.3071802529,890642.2554953328,1490217.8837712205,gradient_boosting,Baseline
IT,P03,2027-02,8,1114371.734999071,860032.6132483146,1399034.0971091373,gradient_boosting,Baseline
IT,P03,2027-03,9,1121027.577911565,869662.8805018234,1445265.6124216486,gradient_boosting,Baseline
IT,P03,2027-04,10,1206214.3634219905,900443.3806952145,1516533.972148057,gradient_boosting,Baseline
IT,P03,2027-05,11,1389530.669919786,1043871.699367388,1828335.2602108158,gradient_boosting,Baseline
IT,P03,2027-06,12,1541151.135267656,1227623.288889777,2006124.9403338311,gradient_boosting,Baseline
IT,P04,2026-07,1,1570726.0121334053,1406835.4746806521,1786994.0220562224,gradient_boosting,Baseline
IT,P04,2026-08,2,1631015.5015518942,1416360.825568312,1945510.5303837091,gradient_boosting,Baseline
IT,P04,2026-09,3,1596112.0873259325,1418876.1059570343,1898321.1139585131,gradient_boosting,Baseline
IT,P04,2026-10,4,1653209.07464148,1431146.976026271,2113881.1960521005,gradient_boosting,Baseline
IT,P04,2026-11,5,1600679.4482057956,1302494.1915595708,2166200.0756178712,gradient_boosting,Baseline
IT,P04,2026-12,6,1701598.0051969138,1456600.9717065147,2214230.175032063,gradient_boosting,Baseline
IT,P04,2027-01,7,1654422.0189154483,1330085.2933883425,2225491.636982842,gradient_boosting,Baseline
IT,P04,2027-02,8,1628479.4550419122,1256802.7322965567,2044468.836108124,gradient_boosting,Baseline
IT,P04,2027-03,9,1824786.9957763287,1415620.4060613227,2352575.3932859856,gradient_boosting,Baseline
IT,P04,2027-04,10,1722376.900276992,1285760.5795017218,2165488.2923984127,gradient_boosting,Baseline
IT,P04,2027-05,11,1925215.0753741749,1446299.513845612,2533185.255996706,gradient_boosting,Baseline
IT,P04,2027-06,12,2144022.1438678056,1707847.7609857451,2790885.460233734,gradient_boosting,Baseline
IT,P05,2026-07,1,6042938.882925472,5412414.849028795,6874970.921740722,gradient_boosting,Baseline
IT,P05,2026-08,2,5966817.677710042,5181536.781211335,7117349.046541362,gradient_boosting,Baseline
IT,P05,2026-09,3,5928720.45869858,5270381.613260883,7051268.71406687,gradient_boosting,Baseline
IT,P05,2026-10,4,5882049.216034363,5091961.493249634,7521101.488463886,gradient_boosting,Baseline
IT,P05,2026-11,5,5994543.713587782,4877840.080192113,8112418.173559874,gradient_boosting,Baseline
IT,P05,2026-12,6,5731271.393398132,4906079.729313855,7457903.700992902,gradient_boosting,Baseline
IT,P05,2027-01,7,5807156.434479929,4668708.033135761,7811657.444004719,gradient_boosting,Baseline
IT,P05,2027-02,8,5742100.718393938,4431549.842189312,7208900.2634966215,gradient_boosting,Baseline
IT,P05,2027-03,9,5859979.0044194525,4546013.248093041,7554877.6064708,gradient_boosting,Baseline
IT,P05,2027-04,10,5796078.688622229,4326793.683961976,7287220.665821098,gradient_boosting,Baseline
IT,P05,2027-05,11,5750058.456626636,4319676.724319561,7565888.866008803,gradient_boosting,Baseline
IT,P05,2027-06,12,5728215.498688882,4562881.98415307,7456449.7358857645,gradient_boosting,Baseline
IT,P06,2026-07,1,3311890.6431695293,2966325.895848277,3767893.7862685816,gradient_boosting,Baseline
IT,P06,2026-08,2,3429542.304575012,2978187.1264911243,4090832.1604537545,gradient_boosting,Baseline
IT,P06,2026-09,3,3356003.100254706,2983344.7464499795,3991431.1747347857,gradient_boosting,Baseline
IT,P06,2026-10,4,3386648.4792836728,2931747.5958338105,4330349.166241248,gradient_boosting,Baseline
IT,P06,2026-11,5,3486404.2672176734,2836933.5987724215,4718152.154540825,gradient_boosting,Baseline
IT,P06,2026-12,6,3542954.10564441,3032837.58986073,4610322.688150867,gradient_boosting,Baseline
IT,P06,2027-01,7,3477624.5255832337,2795862.9566820734,4678023.025422175,gradient_boosting,Baseline
IT,P06,2027-02,8,3383730.5106119565,2611443.293267018,4248092.634706483,gradient_boosting,Baseline
IT,P06,2027-03,9,3621067.044419417,2809125.8934117313,4668398.69302977,gradient_boosting,Baseline
IT,P06,2027-04,10,3682305.2368781897,2748854.164561378,4629642.256706246,gradient_boosting,Baseline
IT,P06,2027-05,11,3563574.8031922174,2677101.6762413788,4688928.143954726,gradient_boosting,Baseline
IT,P06,2027-06,12,4417320.948706233,3518672.4695827193,5750051.063693788,gradient_boosting,Baseline
IT,P07,2026-07,1,522299.4851740165,467802.4292424084,594213.153993237,gradient_boosting,Baseline
IT,P07,2026-08,2,539445.2578030109,468449.95033082063,643461.9588978323,gradient_boosting,Baseline
IT,P07,2026-09,3,553709.2558184676,492224.09814859246,658548.9701261878,gradient_boosting,Baseline
IT,P07,2026-10,4,582679.8992682395,504413.2582020065,745045.5609480472,gradient_boosting,Baseline
IT,P07,2026-11,5,576503.1508412019,469108.2941235566,780181.9223367666,gradient_boosting,Baseline
IT,P07,2026-12,6,608294.1944669568,520711.6557717553,791552.0331899367,gradient_boosting,Baseline
IT,P07,2027-01,7,572089.0541940177,459935.39060289646,769561.4487486326,gradient_boosting,Baseline
IT,P07,2027-02,8,658647.7314649984,508320.977561755,826896.9907998283,gradient_boosting,Baseline
IT,P07,2027-03,9,549394.7827279746,426205.61589571816,708297.8177930634,gradient_boosting,Baseline
IT,P07,2027-04,10,487912.24516428245,364228.25398292654,613436.1500384501,gradient_boosting,Baseline
IT,P07,2027-05,11,618963.0449588575,464990.1003078358,814427.4785464506,gradient_boosting,Baseline
IT,P07,2027-06,12,625881.4475721762,498553.7261990911,814713.3353334103,gradient_boosting,Baseline
NL,P01,2026-07,1,1188170.6630086638,1064196.1906679426,1351765.9067065401,gradient_boosting,Baseline
NL,P01,2026-08,2,1190606.2903593318,1033912.9865630615,1420180.9076806402,gradient_boosting,Baseline
NL,P01,2026-09,3,1279534.9542374648,1137452.4306410025,1521803.0356165797,gradient_boosting,Baseline
NL,P01,2026-10,4,1012624.8275437076,876607.1890227087,1294796.0511675482,gradient_boosting,Baseline
NL,P01,2026-11,5,1432379.705174782,1165546.4485342102,1938439.9725635727,gradient_boosting,Baseline
NL,P01,2026-12,6,1535781.1414667985,1314658.5128549235,1998458.4698002432,gradient_boosting,Baseline
NL,P01,2027-01,7,1681804.7156522046,1352099.8228170236,2262326.230507919,gradient_boosting,Baseline
NL,P01,2027-02,8,1375383.174076074,1061471.9920362963,1726719.9953920436,gradient_boosting,Baseline
NL,P01,2027-03,9,1486966.82743614,1153548.6546797382,1917046.5248578414,gradient_boosting,Baseline
NL,P01,2027-04,10,1146428.1049679986,855812.7227342989,1441366.6596349801,gradient_boosting,Baseline
NL,P01,2027-05,11,1492685.5458289778,1121365.8187448152,1964065.7633009953,gradient_boosting,Baseline
NL,P01,2027-06,12,1273779.5197945535,1014645.0712240201,1658085.8325114935,gradient_boosting,Baseline
NL,P02,2026-07,1,9491144.362307042,8500832.405565819,10797948.277993374,gradient_boosting,Baseline
NL,P02,2026-08,2,9832694.928182967,8538633.687289622,11728650.958025122,gradient_boosting,Baseline
NL,P02,2026-09,3,10905592.1677102,9694609.965644846,12970464.942013416,gradient_boosting,Baseline
NL,P02,2026-10,4,11203104.2500783,9698282.57994752,14324885.929378077,gradient_boosting,Baseline
NL,P02,2026-11,5,13338591.653492488,10853789.727688985,18051120.904200234,gradient_boosting,Baseline
NL,P02,2026-12,6,12241328.764047343,10478815.394842243,15929214.44962842,gradient_boosting,Baseline
NL,P02,2027-01,7,9526509.263629792,7658910.316720928,12814847.997336276,gradient_boosting,Baseline
NL,P02,2027-02,8,10438611.6026563,8056150.504682495,13105118.426758548,gradient_boosting,Baseline
NL,P02,2027-03,9,11180790.006709477,8673754.540129635,14414642.096949,gradient_boosting,Baseline
NL,P02,2027-04,10,10922887.399372675,8153974.911177036,13732990.020200422,gradient_boosting,Baseline
NL,P02,2027-05,11,11299325.104188632,8488510.511894548,14867577.198397437,gradient_boosting,Baseline
NL,P02,2027-06,12,11481057.511624075,9145380.527461901,14944955.94131073,gradient_boosting,Baseline
NL,P03,2026-07,1,9002137.736441718,8062849.037806582,10241611.965729514,gradient_boosting,Baseline
NL,P03,2026-08,2,9742385.28359651,8460209.513735447,11620927.66270942,gradient_boosting,Baseline
NL,P03,2026-09,3,6894907.423494793,6129280.940646625,8200394.223401857,gradient_boosting,Baseline
NL,P03,2026-10,4,5833374.356149523,5049824.730512714,7458863.219506073,gradient_boosting,Baseline
NL,P03,2026-11,5,5627250.624099681,4578968.800127602,7615360.302844492,gradient_boosting,Baseline
NL,P03,2026-12,6,5962818.330705635,5104288.408947766,7759207.65995188,gradient_boosting,Baseline
NL,P03,2027-01,7,5248787.836725869,4219803.308904995,7060552.447547946,gradient_boosting,Baseline
NL,P03,2027-02,8,5198345.088103773,4011898.5166939422,6526244.159273336,gradient_boosting,Baseline
NL,P03,2027-03,9,5830681.353467207,4523284.922741284,7517106.111567084,gradient_boosting,Baseline
NL,P03,2027-04,10,6246888.9769391315,4663325.193098254,7854009.735789471,gradient_boosting,Baseline
NL,P03,2027-05,11,7531306.535735305,5657822.401551285,9909643.30102618,gradient_boosting,Baseline
NL,P03,2027-06,12,8484006.964565184,6758042.2805155,11043678.699704057,gradient_boosting,Baseline
NL,P04,2026-07,1,1521170.2526451393,1362450.3942246765,1730615.0958272566,gradient_boosting,Baseline
NL,P04,2026-08,2,1574522.3745035422,1367302.6455638877,1878124.3078356723,gradient_boosting,Baseline
NL,P04,2026-09,3,1592223.6008803146,1415419.4060486534,1893696.3786534728,gradient_boosting,Baseline
NL,P04,2026-10,4,1613664.9248050188,1396914.4694872815,2063317.939392449,gradient_boosting,Baseline
NL,P04,2026-11,5,1534442.752705543,1248596.5100132236,2076561.931664593,gradient_boosting,Baseline
NL,P04,2026-12,6,1663548.1721945857,1424029.5749634586,2164717.2535715466,gradient_boosting,Baseline
NL,P04,2027-01,7,1634324.963287727,1313928.111106422,2198457.525543251,gradient_boosting,Baseline
NL,P04,2027-02,8,1402539.8107046853,1082430.5217918619,1760813.69986514,gradient_boosting,Baseline
NL,P04,2027-03,9,1816076.4561243963,1408863.004946769,2341345.4791673464,gradient_boosting,Baseline
NL,P04,2027-04,10,1840205.2296686189,1373719.8531403395,2313630.0073560374,gradient_boosting,Baseline
NL,P04,2027-05,11,1815839.5465695993,1364132.1881477705,2389269.658992177,gradient_boosting,Baseline
NL,P04,2027-06,12,1863158.357089985,1484122.1848472676,2425283.518543743,gradient_boosting,Baseline
NL,P05,2026-07,1,2519128.060075891,2256280.6579899034,2865978.3752071518,gradient_boosting,Baseline
NL,P05,2026-08,2,2550238.196640082,2214606.4670459325,3041979.22204247,gradient_boosting,Baseline
NL,P05,2026-09,3,2537300.21191837,2255552.5222305623,3017714.484454299,gradient_boosting,Baseline
NL,P05,2026-10,4,2548085.892070214,2205822.28529221,3258118.368568094,gradient_boosting,Baseline
NL,P05,2026-11,5,2638159.311934379,2146705.3781785923,3570221.9500662363,gradient_boosting,Baseline
NL,P05,2026-12,6,2544958.335208033,2178533.8092163736,3311665.577184829,gradient_boosting,Baseline
NL,P05,2027-01,7,2478138.2136978325,1992318.256972859,3333536.3086424083,gradient_boosting,Baseline
NL,P05,2027-02,8,2489407.12063264,1921236.1944898365,3125317.462717453,gradient_boosting,Baseline
NL,P05,2027-03,9,2415322.7553261784,1873742.0792553145,3113913.511098129,gradient_boosting,Baseline
NL,P05,2027-04,10,2455111.047480618,1832749.2679692244,3086731.0337257087,gradient_boosting,Baseline
NL,P05,2027-05,11,2520387.172011588,1893416.890512665,3316308.762179264,gradient_boosting,Baseline
NL,P05,2027-06,12,2488753.6548641524,1982447.9748315983,3239624.3711054637,gradient_boosting,Baseline
NL,P06,2026-07,1,165589.80135223237,148312.05760146098,188389.30713829963,gradient_boosting,Baseline
NL,P06,2026-08,2,167284.68679163337,145268.68497797396,199540.78880022728,gradient_boosting,Baseline
NL,P06,2026-09,3,180145.66148705024,160141.87017656767,214254.57241027578,gradient_boosting,Baseline
NL,P06,2026-10,4,151653.21069098986,131282.87112272996,193911.87437688856,gradient_boosting,Baseline
NL,P06,2026-11,5,146768.86105739177,119427.77752494063,198622.3526998113,gradient_boosting,Baseline
NL,P06,2026-12,6,124786.19491944961,106819.4087088123,162379.92603082725,gradient_boosting,Baseline
NL,P06,2027-01,7,135836.60265968333,109206.88037017368,182724.37126620236,gradient_boosting,Baseline
NL,P06,2027-02,8,140148.34604731764,108161.5268118804,175948.75086616533,gradient_boosting,Baseline
NL,P06,2027-03,9,118679.23581008134,92068.14185840888,153005.1729363624,gradient_boosting,Baseline
NL,P06,2027-04,10,163598.97337497777,122127.22475473858,205687.65258924462,gradient_boosting,Baseline
NL,P06,2027-05,11,159074.54562886138,119503.23937886198,209309.2344568768,gradient_boosting,Baseline
NL,P06,2027-06,12,125438.79595526222,99919.84804152805,163284.3731498105,gradient_boosting,Baseline
NL,P07,2026-07,1,2455373.706839088,2199178.473964165,2793445.8983562165,gradient_boosting,Baseline
NL,P07,2026-08,2,2535699.9329435755,2201981.5550497426,3024637.6669878815,gradient_boosting,Baseline
NL,P07,2026-09,3,2542543.87047727,2260213.9128033794,3023950.981148855,gradient_boosting,Baseline
NL,P07,2026-10,4,2537814.35974887,2196930.4441776588,3244984.6401354466,gradient_boosting,Baseline
NL,P07,2026-11,5,2633228.4149849904,2142693.041640532,3563548.965442986,gradient_boosting,Baseline
NL,P07,2026-12,6,2554317.358464869,2186545.3150646975,3323844.1479405668,gradient_boosting,Baseline
NL,P07,2027-01,7,2528446.990985345,2032764.3850063432,3401210.554898867,gradient_boosting,Baseline
NL,P07,2027-02,8,2580034.152610618,1991178.9260712545,3239094.8530396307,gradient_boosting,Baseline
NL,P07,2027-03,9,2651181.733657032,2056715.0966270678,3417990.6609194838,gradient_boosting,Baseline
NL,P07,2027-04,10,2644825.160272005,1974371.5386598497,3325252.399221514,gradient_boosting,Baseline
NL,P07,2027-05,11,2769334.1409995705,2080435.933125699,3643871.5365580493,gradient_boosting,Baseline
NL,P07,2027-06,12,2777665.2418263163,2212584.127262397,3615702.1787213692,gradient_boosting,Baseline
PL,P01,2026-07,1,1324469.285882845,1186273.3297286741,1506831.0309925005,gradient_boosting,Baseline
PL,P01,2026-08,2,1146528.4864225627,995636.1739185962,1367603.9507887047,gradient_boosting,Baseline
PL,P01,2026-09,3,1379276.124570695,1226118.110507577,1640429.2718802984,gradient_boosting,Baseline
PL,P01,2026-10,4,1660614.642332797,1437557.8141772074,2123350.3494271273,gradient_boosting,Baseline
PL,P01,2026-11,5,1569933.136218506,1277475.5078873266,2124591.0804961477,gradient_boosting,Baseline
PL,P01,2026-12,6,1321616.6534071702,1131329.547693976,1719773.686182948,gradient_boosting,Baseline
PL,P01,2027-01,7,1352908.738135639,1087681.3747138353,1819902.68982013,gradient_boosting,Baseline
PL,P01,2027-02,8,1303060.9091902955,1005656.2310005007,1635923.260893526,gradient_boosting,Baseline
PL,P01,2027-03,9,1301910.3994677132,1009986.8820940721,1678465.6933330616,gradient_boosting,Baseline
PL,P01,2027-04,10,1364482.369060263,1018591.0187721773,1715519.1728993023,gradient_boosting,Baseline
PL,P01,2027-05,11,1428204.7331828324,1072925.2215484916,1879222.336725315,gradient_boosting,Baseline
PL,P01,2027-06,12,1283532.8816748378,1022414.234101824,1670781.837512159,gradient_boosting,Baseline
PL,P02,2026-07,1,5982324.134470214,5358124.681452161,6806010.331350507,gradient_boosting,Baseline
PL,P02,2026-08,2,5163473.124747704,4483918.792193502,6159102.306502702,gradient_boosting,Baseline
PL,P02,2026-09,3,6414545.387349382,5702259.417090923,7629080.089012544,gradient_boosting,Baseline
PL,P02,2026-10,4,7155844.754343816,6194658.460433091,9149844.32404949,gradient_boosting,Baseline
PL,P02,2026-11,5,9282269.617154054,7553106.447630632,12561698.826784361,gradient_boosting,Baseline
PL,P02,2026-12,6,8832304.179331247,7560624.078501205,11493169.578953452,gradient_boosting,Baseline
PL,P02,2027-01,7,6728053.180890501,5409070.047860901,9050427.228394404,gradient_boosting,Baseline
PL,P02,2027-02,8,6712981.499944945,5180841.222691326,8427789.144969337,gradient_boosting,Baseline
PL,P02,2027-03,9,7675353.311219323,5954331.544581124,9895317.851642555,gradient_boosting,Baseline
PL,P02,2027-04,10,7854482.531977313,5863399.590633842,9875184.67247753,gradient_boosting,Baseline
PL,P02,2027-05,11,7689286.610304586,5776503.42995661,10117512.437705562,gradient_boosting,Baseline
PL,P02,2027-06,12,7721337.257521203,6150528.1485966155,10050907.331909355,gradient_boosting,Baseline
PL,P03,2026-07,1,5644773.494404407,5055794.286922853,6421983.472891874,gradient_boosting,Baseline
PL,P03,2026-08,2,6113677.255505176,5309068.464785534,7292526.324020504,gradient_boosting,Baseline
PL,P03,2026-09,3,5035764.911338305,4476581.917179417,5989240.312151609,gradient_boosting,Baseline
PL,P03,2026-10,4,4431733.803171378,3836455.127333225,5666650.937337762,gradient_boosting,Baseline
PL,P03,2026-11,5,4311975.554226324,3508711.9534282736,5835398.075546838,gradient_boosting,Baseline
PL,P03,2026-12,6,4330942.360047342,3707370.854210559,5635704.338306188,gradient_boosting,Baseline
PL,P03,2027-01,7,3510181.3910781695,2822037.298838148,4721817.795472959,gradient_boosting,Baseline
PL,P03,2027-02,8,3670746.5197671372,2832952.077674618,4608425.87954118,gradient_boosting,Baseline
PL,P03,2027-03,9,4538071.829645352,3520513.40846219,5850631.412926063,gradient_boosting,Baseline
PL,P03,2027-04,10,5240491.75880068,3912046.0333542293,6588699.342326421,gradient_boosting,Baseline
PL,P03,2027-05,11,5955921.7354380675,4474329.554474535,7836762.405961166,gradient_boosting,Baseline
PL,P03,2027-06,12,6099941.386664301,4858984.907947499,7940327.376287149,gradient_boosting,Baseline
PL,P04,2026-07,1,1696922.7482054662,1519864.7641453051,1930566.3645410086,gradient_boosting,Baseline
PL,P04,2026-08,2,1771758.3351363644,1538580.7773583785,2113391.6232084525,gradient_boosting,Baseline
PL,P04,2026-09,3,1786924.3242027396,1588500.1102976701,2125261.8789218003,gradient_boosting,Baseline
PL,P04,2026-10,4,1824609.6842241103,1579524.7389214071,2333043.1466766237,gradient_boosting,Baseline
PL,P04,2026-11,5,1893506.3849567722,1540771.3710897053,2562482.8749278313,gradient_boosting,Baseline
PL,P04,2026-12,6,1895979.8402709155,1622995.6013347511,2467172.481842744,gradient_boosting,Baseline
PL,P04,2027-01,7,1917870.4715807685,1541886.70103992,2579876.6255041435,gradient_boosting,Baseline
PL,P04,2027-02,8,1899655.8902963612,1466087.0949006034,2384916.3432891984,gradient_boosting,Baseline
PL,P04,2027-03,9,1994290.8332869215,1547116.8995375999,2571105.3138290215,gradient_boosting,Baseline
PL,P04,2027-04,10,1952892.9752957053,1457841.6624243143,2455308.6340334984,gradient_boosting,Baseline
PL,P04,2027-05,11,2085360.9479779163,1566607.5774245118,2743904.135397585,gradient_boosting,Baseline
PL,P04,2027-06,12,2188304.5110364603,1743121.4366035277,2848528.06202738,gradient_boosting,Baseline
PL,P05,2026-07,1,3564753.550337163,3192804.928656256,4055572.541199611,gradient_boosting,Baseline
PL,P05,2026-08,2,3609692.776849512,3134628.356751935,4305719.536159353,gradient_boosting,Baseline
PL,P05,2026-09,3,3716914.5798643962,3304179.779810151,4420677.897100579,gradient_boosting,Baseline
PL,P05,2026-10,4,3683889.201940362,3189062.3952182964,4710416.989460264,gradient_boosting,Baseline
PL,P05,2026-11,5,3781315.2895186893,3076906.6264792047,5117255.347578679,gradient_boosting,Baseline
PL,P05,2026-12,6,3588831.9602649366,3072109.9252865906,4670021.941297763,gradient_boosting,Baseline
PL,P05,2027-01,7,3537117.629417692,2843692.8946081367,4758051.823109802,gradient_boosting,Baseline
PL,P05,2027-02,8,3827224.7086431887,2953716.3984742174,4804875.874471877,gradient_boosting,Baseline
PL,P05,2027-03,9,3860749.785922249,2995065.2828514175,4977405.564056377,gradient_boosting,Baseline
PL,P05,2027-04,10,3759661.7343106666,2806601.0694060777,4726900.057541845,gradient_boosting,Baseline
PL,P05,2027-05,11,4193268.377134671,3150152.984385573,5517474.781528127,gradient_boosting,Baseline
PL,P05,2027-06,12,4041419.429895752,3219243.3946136115,5260737.981583833,gradient_boosting,Baseline
PL,P06,2026-07,1,113386.88390386,101556.02530754979,128998.74462547044,gradient_boosting,Baseline
PL,P06,2026-08,2,110330.85404203818,95810.43182480514,131605.02653762407,gradient_boosting,Baseline
PL,P06,2026-09,3,118685.01834231567,105505.95913543522,141156.92627028117,gradient_boosting,Baseline
PL,P06,2026-10,4,108869.05147684945,94245.55925434321,139205.76911837255,gradient_boosting,Baseline
PL,P06,2026-11,5,125547.07010696555,102159.32350786384,169902.895338696,gradient_boosting,Baseline
PL,P06,2026-12,6,138879.58617840093,118883.62560359703,180719.16485150973,gradient_boosting,Baseline
PL,P06,2027-01,7,141135.82033918463,113467.22713864135,189852.76081460362,gradient_boosting,Baseline
PL,P06,2027-02,8,140658.9874166598,108555.62172430061,176589.83378730094,gradient_boosting,Baseline
PL,P06,2027-03,9,140753.49612850606,109192.75608889194,181464.03513250698,gradient_boosting,Baseline
PL,P06,2027-04,10,143507.87168554807,107129.14474862913,180427.76581135695,gradient_boosting,Baseline
PL,P06,2027-05,11,156360.03155890858,117463.98650269344,205737.49480702827,gradient_boosting,Baseline
PL,P06,2027-06,12,150529.00419882938,119905.76847336678,195944.43572495042,gradient_boosting,Baseline
PL,P07,2026-07,1,1166296.4022962789,1044604.3040404341,1326879.8522145546,gradient_boosting,Baseline
PL,P07,2026-08,2,1227697.446812739,1066122.650374132,1464424.0404991528,gradient_boosting,Baseline
PL,P07,2026-09,3,1228205.0768456017,1091822.3416695965,1460754.321805306,gradient_boosting,Baseline
PL,P07,2026-10,4,1226835.51224787,1062044.6986210407,1568697.2445104248,gradient_boosting,Baseline
PL,P07,2026-11,5,1204112.4529304202,979802.344363442,1629525.8176232593,gradient_boosting,Baseline
PL,P07,2026-12,6,1255854.60508849,1075035.9559115178,1634199.8248394239,gradient_boosting,Baseline
PL,P07,2027-01,7,1293230.620036213,1039702.6931479464,1739625.0150656481,gradient_boosting,Baseline
PL,P07,2027-02,8,1380426.4928528834,1065364.2467398555,1733051.612311018,gradient_boosting,Baseline
PL,P07,2027-03,9,1345161.21674339,1043539.6965628258,1734226.0690359678,gradient_boosting,Baseline
PL,P07,2027-04,10,1381092.4589690098,1030990.5109061064,1736402.4971167205,gradient_boosting,Baseline
PL,P07,2027-05,11,1382157.190157785,1038332.442828448,1818633.284334245,gradient_boosting,Baseline
PL,P07,2027-06,12,1350761.5714407265,1075966.0911192847,1758293.794100305,gradient_boosting,Baseline
RO,P01,2026-07,1,0.03921043290235949,0.035119191735865696,0.04460918623457668,gradient_boosting,Baseline
RO,P01,2026-08,2,0.08347311016369005,0.07248738170281395,0.09956852934433706,gradient_boosting,Baseline
RO,P01,2026-09,3,0.0018163485627804296,0.0016146570133030278,0.002160257324290403,gradient_boosting,Baseline
RO,P01,2026-10,4,0.10200058511674201,0.08829967799105676,0.13042338211901727,gradient_boosting,Baseline
RO,P01,2026-11,5,0.036744413726218526,0.029899418965057035,0.04972622837226275,gradient_boosting,Baseline
RO,P01,2026-12,6,0.0,0.0,0.0,gradient_boosting,Baseline
RO,P01,2027-01,7,0.03663590353633987,0.029453716129590506,0.04928180113734412,gradient_boosting,Baseline
RO,P01,2027-02,8,0.029621531387794903,0.0228608481781741,0.03718824797736651,gradient_boosting,Baseline
RO,P01,2027-03,9,0.09229318598365668,0.07159855792554748,0.11898740993643721,gradient_boosting,Baseline
RO,P01,2027-04,10,0.039047806387541927,0.02914932855929664,0.049093533222875595,gradient_boosting,Baseline
RO,P01,2027-05,11,0.0,0.0,0.0,gradient_boosting,Baseline
RO,P01,2027-06,12,0.10366909623711153,0.08257892037092837,0.13494663485227767,gradient_boosting,Baseline
RO,P03,2026-07,1,1289329.0891766793,1154799.6831909537,1466852.4981594526,gradient_boosting,Baseline
RO,P03,2026-08,2,1242447.186422542,1078931.2063631958,1482017.8485923228,gradient_boosting,Baseline
RO,P03,2026-09,3,1089384.1867428347,968416.4445909654,1295648.9831306897,gradient_boosting,Baseline
RO,P03,2026-10,4,1090860.926395144,944334.4704687094,1394832.8951162726,gradient_boosting,Baseline
RO,P03,2026-11,5,1003453.4633680528,816523.451339513,1357973.9345459666,gradient_boosting,Baseline
RO,P03,2026-12,6,972661.7246306217,832617.3449379099,1265690.800176166,gradient_boosting,Baseline
RO,P03,2027-01,7,888538.0537755892,714346.99516243,1195241.5920545384,gradient_boosting,Baseline
RO,P03,2027-02,8,896509.2056516503,691894.0338507439,1125519.3466298138,gradient_boosting,Baseline
RO,P03,2027-03,9,965532.1542812192,749033.7357031343,1244795.7996445682,gradient_boosting,Baseline
RO,P03,2027-04,10,1004496.1658996224,749860.0173786881,1262920.262495919,gradient_boosting,Baseline
RO,P03,2027-05,11,1069404.7646595303,803380.1578925694,1407115.712514168,gradient_boosting,Baseline
RO,P03,2027-06,12,1165571.5209260187,928450.6309674508,1517230.8830479668,gradient_boosting,Baseline
RO,P05,2026-07,1,1345878.580560911,1205448.765169567,1531188.0998323935,gradient_boosting,Baseline
RO,P05,2026-08,2,1382057.7583548834,1200167.911184216,1648548.355254476,gradient_boosting,Baseline
RO,P05,2026-09,3,1369470.5356656818,1217401.356895699,1628767.0856209553,gradient_boosting,Baseline
RO,P05,2026-10,4,1483816.1264555345,1284507.2017381557,1897286.3482457204,gradient_boosting,Baseline
RO,P05,2026-11,5,1393370.3563299193,1133804.021689218,1885648.6066768772,gradient_boosting,Baseline
RO,P05,2026-12,6,1341334.025406578,1148208.0014334142,1745431.215117562,gradient_boosting,Baseline
RO,P05,2027-01,7,1280760.9697514507,1029677.6219944987,1722851.1193440286,gradient_boosting,Baseline
RO,P05,2027-02,8,1386596.2201281695,1070125.8236041486,1740797.3748397103,gradient_boosting,Baseline
RO,P05,2027-03,9,1407659.1486943015,1092023.9021227753,1814800.4578163,gradient_boosting,Baseline
RO,P05,2027-04,10,1323645.1488672704,988105.886341443,1664175.8680699123,gradient_boosting,Baseline
RO,P05,2027-05,11,1349738.7536162727,1013978.4007220035,1775977.3200631035,gradient_boosting,Baseline
RO,P05,2027-06,12,1294327.2930849185,1031012.65805495,1684832.9824326253,gradient_boosting,Baseline
RO,P07,2026-07,1,148318.94276804948,132843.25123629477,168740.48181338233,gradient_boosting,Baseline
RO,P07,2026-08,2,142100.09757024588,123398.58898730857,169500.06663236473,gradient_boosting,Baseline
RO,P07,2026-09,3,143636.35678431633,127686.64319147453,170832.5693294909,gradient_boosting,Baseline
RO,P07,2026-10,4,141371.5047142517,122382.22289698083,180765.13736646133,gradient_boosting,Baseline
RO,P07,2026-11,5,135774.64109002595,110481.63427041615,183743.87084551976,gradient_boosting,Baseline
RO,P07,2026-12,6,132798.26972194726,113677.90049539196,172805.75971076937,gradient_boosting,Baseline
RO,P07,2027-01,7,159054.86303298813,127873.37918819523,213957.05778469626,gradient_boosting,Baseline
RO,P07,2027-02,8,129883.1603093808,100239.22024361076,163061.35933469934,gradient_boosting,Baseline
RO,P07,2027-03,9,164771.0889617242,127824.95513342264,212428.30550278787,gradient_boosting,Baseline
RO,P07,2027-04,10,143715.71933162812,107284.30376744142,180689.08587673667,gradient_boosting,Baseline
RO,P07,2027-05,11,103161.20979067728,77498.87764564881,135738.83716952335,gradient_boosting,Baseline
RO,P07,2027-06,12,155437.7806430999,123815.91598910246,202334.21712018264,gradient_boosting,Baseline
SK,P01,2026-07,1,228888.64053807905,205006.2561980725,260403.5517324734,gradient_boosting,Baseline
SK,P01,2026-08,2,148656.73850860505,129092.3235738734,177320.96960807862,gradient_boosting,Baseline
SK,P01,2026-09,3,113867.31924991086,101223.22850380621,135427.04051825174,gradient_boosting,Baseline
SK,P01,2026-10,4,152173.54930905424,131733.31689584794,194577.2070545141,gradient_boosting,Baseline
SK,P01,2026-11,5,133356.0210554889,108513.57092699957,180470.75147887974,gradient_boosting,Baseline
SK,P01,2026-12,6,103911.94652901386,88950.64628884623,135216.99417144925,gradient_boosting,Baseline
SK,P01,2027-01,7,107794.61511239034,86662.30902888787,145002.9144327226,gradient_boosting,Baseline
SK,P01,2027-02,8,86591.98386010595,66828.62444068081,108711.6032754665,gradient_boosting,Baseline
SK,P01,2027-03,9,36590.33646131312,28385.793563400417,47173.464842847665,gradient_boosting,Baseline
SK,P01,2027-04,10,38128.11963511419,28462.779075515606,47937.24106943584,gradient_boosting,Baseline
SK,P01,2027-05,11,3150.846910274564,2367.043772315341,4145.863513695488,gradient_boosting,Baseline
SK,P01,2027-06,12,6378.409506809651,5080.802185747718,8302.81086549695,gradient_boosting,Baseline
SK,P02,2026-07,1,3067445.8877012874,2747386.659510506,3489792.2501824503,gradient_boosting,Baseline
SK,P02,2026-08,2,3053527.0192154837,2651658.4580073557,3642313.003795744,gradient_boosting,Baseline
SK,P02,2026-09,3,3286777.4359801295,2921806.060202224,3909098.2727013226,gradient_boosting,Baseline
SK,P02,2026-10,4,3129117.07271748,2708808.283805822,4001055.790053374,gradient_boosting,Baseline
SK,P02,2026-11,5,3593503.6038146247,2924081.75575899,4863089.725454844,gradient_boosting,Baseline
SK,P02,2026-12,6,3543912.2505857702,3033657.7805569805,4611569.488766955,gradient_boosting,Baseline
SK,P02,2027-01,7,3186484.2551518497,2561798.499375259,4286387.620654825,gradient_boosting,Baseline
SK,P02,2027-02,8,2989682.845478445,2307331.269832169,3753386.87172472,gradient_boosting,Baseline
SK,P02,2027-03,9,3199575.9953559246,2482144.5353641696,4124998.574105088,gradient_boosting,Baseline
SK,P02,2027-04,10,3301700.7059680554,2464731.5070029213,4151120.595397889,gradient_boosting,Baseline
SK,P02,2027-05,11,3303808.5542837176,2481954.7524947724,4347129.432653503,gradient_boosting,Baseline
SK,P02,2027-06,12,3343443.125183672,2663261.604671274,4352178.372729009,gradient_boosting,Baseline
SK,P03,2026-07,1,1354598.8902226568,1213259.1922507875,1541109.0797586464,gradient_boosting,Baseline
SK,P03,2026-08,2,1353495.5647130709,1175364.730510539,1614478.7535565568,gradient_boosting,Baseline
SK,P03,2026-09,3,1167688.4892291573,1038025.6560452905,1388779.4793558123,gradient_boosting,Baseline
SK,P03,2026-10,4,1026808.9500714171,888886.0739952703,1312932.6258777531,gradient_boosting,Baseline
SK,P03,2026-11,5,997633.9445827552,811788.0313751858,1350098.377671102,gradient_boosting,Baseline
SK,P03,2026-12,6,948562.4407444767,811987.8894385613,1234331.2420347054,gradient_boosting,Baseline
SK,P03,2027-01,7,772642.4632690616,621171.8447238839,1039341.4260228104,gradient_boosting,Baseline
SK,P03,2027-02,8,866878.6641963737,669026.232021792,1088319.7869947406,gradient_boosting,Baseline
SK,P03,2027-03,9,913244.9077802249,708470.7038013886,1177385.3622698842,gradient_boosting,Baseline
SK,P03,2027-04,10,936520.2104986705,699115.7210551277,1177456.311161176,gradient_boosting,Baseline
SK,P03,2027-05,11,1217488.6941945227,914626.8014672785,1601963.5670455326,gradient_boosting,Baseline
SK,P03,2027-06,12,1304089.0283345669,1038788.4908452644,1697539.8870944153,gradient_boosting,Baseline
SK,P05,2026-07,1,358094.7650379783,320730.93261415575,407399.63527015527,gradient_boosting,Baseline
SK,P05,2026-08,2,365346.3592822937,317263.858350265,435793.0311175753,gradient_boosting,Baseline
SK,P05,2026-09,3,350104.5249978647,311228.1080078482,416393.5710864311,gradient_boosting,Baseline
SK,P05,2026-10,4,332996.00604300626,288267.36701806687,425786.4333870872,gradient_boosting,Baseline
SK,P05,2026-11,5,366770.9371888943,298446.39778243477,496351.24182020075,gradient_boosting,Baseline
SK,P05,2026-12,6,361445.8959077834,309404.71344621904,470336.9461624964,gradient_boosting,Baseline
SK,P05,2027-01,7,374952.70937748946,301446.1115465846,504378.03017798613,gradient_boosting,Baseline
SK,P05,2027-02,8,342059.93582431565,263989.7363286787,429437.95005136216,gradient_boosting,Baseline
SK,P05,2027-03,9,397133.38504851866,308085.3409763127,511997.4176054643,gradient_boosting,Baseline
SK,P05,2027-04,10,382710.50815799215,285694.7771834859,481169.43780464027,gradient_boosting,Baseline
SK,P05,2027-05,11,395799.7246181412,297340.7785019485,520790.6584335077,gradient_boosting,Baseline
SK,P05,2027-06,12,445906.1788570021,355192.1659712087,580438.5345364795,gradient_boosting,Baseline
SK,P07,2026-07,1,0.007376813637948271,0.006607112275347128,0.008392502429454114,gradient_boosting,Baseline
SK,P07,2026-08,2,0.0,0.0,0.0,gradient_boosting,Baseline
SK,P07,2026-09,3,0.0,0.0,0.0,gradient_boosting,Baseline
SK,P07,2026-10,4,0.011676369173702267,0.010107977684270986,0.014930027673483668,gradient_boosting,Baseline
SK,P07,2026-11,5,0.0,0.0,0.0,gradient_boosting,Baseline
SK,P07,2026-12,6,0.0,0.0,0.0,gradient_boosting,Baseline
SK,P07,2027-01,7,0.0,0.0,0.0,gradient_boosting,Baseline
SK,P07,2027-02,8,0.0,0.0,0.0,gradient_boosting,Baseline
SK,P07,2027-03,9,0.0,0.0,0.0,gradient_boosting,Baseline
SK,P07,2027-04,10,0.042852696737192324,0.031989692953477866,0.05387729774311653,gradient_boosting,Baseline
SK,P07,2027-05,11,0.0,0.0,0.0,gradient_boosting,Baseline
SK,P07,2027-06,12,0.0,0.0,0.0,gradient_boosting,Baseline
