year_month,country_code,gdp_growth_yoy,cpi_yoy,data_traffic_index,ott_substitution_index,travel_index,ecommerce_index,mobile_penetration,price_pressure_index
2019-01,AT,1.8875,1.8692,99.7435,100.1707,101.0721,97.9239,1.4192,100.1224
2019-02,AT,2.3332,2.1214,101.0649,100.498,97.1902,101.5951,1.4222,99.7343
2019-03,AT,1.9231,2.0684,102.7181,99.6527,97.2977,100.3544,1.4252,101.4962
2019-04,AT,2.1477,1.7767,103.0192,100.7339,97.2524,102.228,1.4296,100.8482
2019-05,AT,1.9722,1.642,105.867,100.7078,97.3586,103.2536,1.4302,102.3865
2019-06,AT,1.3994,1.2312,108.6938,102.8663,95.8972,103.9768,1.4322,101.8905
2019-07,AT,1.4749,0.9092,108.9215,103.8641,99.5187,105.7887,1.433,103.1503
2019-08,AT,1.2879,1.0931,109.9349,105.5954,97.9186,104.8868,1.4318,103.7645
2019-09,AT,1.373,1.1881,114.7325,104.7263,96.8675,107.7298,1.4335,104.8554
2019-10,AT,1.2699,1.2802,116.3812,105.5828,97.5192,106.7978,1.4325,104.8629
2019-11,AT,1.4194,0.8038,118.8519,105.9357,99.3556,127.6281,1.4341,103.0885
2019-12,AT,1.214,0.5553,122.1564,107.4207,101.2938,124.369,1.4324,104.6748
2020-01,AT,1.4082,0.2443,122.6368,108.2692,102.4925,112.0062,1.4353,103.2422
2020-02,AT,0.8028,0.0081,125.0397,108.485,95.8399,113.3499,1.4375,102.6778
2020-03,AT,-3.0797,0.121,129.4915,108.2447,44.8477,126.7392,1.4364,102.6136
2020-04,AT,-7.939,0.3011,145.4423,109.37,9.1046,144.3151,1.4388,102.4106
2020-05,AT,-12.5742,0.16,148.2945,110.5686,11.4198,158.2849,1.4405,102.0325
2020-06,AT,-11.2996,0.4842,150.4773,110.277,13.7705,157.2824,1.4432,103.5489
2020-07,AT,-10.7128,0.6024,152.9231,111.0694,26.7041,157.7572,1.4435,106.239
2020-08,AT,-9.2338,0.6968,155.704,110.7088,37.5868,159.3846,1.4451,108.2267
2020-09,AT,-8.0257,0.8761,158.4573,111.5329,31.1608,157.9879,1.4476,108.469
2020-10,AT,-6.8698,0.8593,161.0557,112.6165,23.9493,156.7555,1.4488,107.023
2020-11,AT,-5.5982,0.6584,164.5325,112.3922,21.5934,185.2472,1.4502,105.5004
2020-12,AT,-3.9889,0.8752,167.6224,113.2591,20.4418,177.9985,1.4521,105.4426
2021-01,AT,-2.6897,1.1319,169.3793,114.0881,18.2854,163.4548,1.4547,104.9562
2021-02,AT,-0.8031,1.7406,177.7939,114.6184,16.5289,160.9856,1.4541,105.3234
2021-03,AT,1.4142,2.1623,177.3424,117.0811,21.4901,160.3509,1.4531,107.415
2021-04,AT,3.4952,2.722,187.2031,117.1427,26.6425,156.6442,1.4532,107.9514
2021-05,AT,6.0943,2.9509,187.4317,116.1291,31.1277,159.2771,1.4523,109.6034
2021-06,AT,8.4915,3.1866,192.0307,117.6252,40.6922,160.2502,1.4533,110.5021
2021-07,AT,8.118,3.3541,192.9258,119.6507,50.9319,161.3524,1.4546,109.3477
2021-08,AT,7.8473,3.7579,195.204,120.2216,62.7521,160.1816,1.4576,109.317
2021-09,AT,7.4333,4.1013,197.8687,120.0011,59.8171,157.0758,1.461,107.9836
2021-10,AT,6.0036,4.4897,199.7464,122.2169,57.254,156.9376,1.4614,109.1368
2021-11,AT,5.5296,4.6462,202.9297,123.0128,54.4102,185.5934,1.4616,109.6197
2021-12,AT,5.0176,5.1055,211.8562,125.1273,59.2351,178.2053,1.4641,108.7036
2022-01,AT,4.8885,5.6655,216.9239,124.4176,64.8277,163.8992,1.4652,108.9576
2022-02,AT,3.9878,6.3395,224.3417,125.584,67.4672,160.4051,1.4697,108.6901
2022-03,AT,3.8484,7.073,225.5167,127.3278,75.2656,159.0122,1.4752,110.0634
2022-04,AT,3.4677,7.9332,230.3973,127.432,83.6756,159.8928,1.4768,108.7906
2022-05,AT,2.9362,8.2759,235.134,130.169,88.6308,159.9541,1.4763,109.9036
2022-06,AT,3.0674,8.6307,242.3751,130.9591,96.8876,164.3854,1.4732,112.252
2022-07,AT,3.2943,8.9905,250.1615,133.4347,97.9686,166.1278,1.4739,113.1802
2022-08,AT,3.1043,9.7382,255.9848,134.7434,96.5484,164.4701,1.4773,112.8173
2022-09,AT,2.716,10.1823,260.3682,136.086,101.2754,167.9638,1.4804,115.2458
2022-10,AT,2.5666,10.5118,264.221,136.4409,103.297,165.1237,1.4792,113.1044
2022-11,AT,1.9098,10.0309,266.5225,138.5557,102.6859,194.2257,1.483,113.1399
2022-12,AT,1.3829,9.2439,267.3666,140.323,103.2792,187.1503,1.4817,112.6416
2023-01,AT,1.3111,8.6527,276.9141,138.8535,105.9392,171.1081,1.4865,112.6178
2023-02,AT,1.0521,8.2445,281.2023,138.7689,106.6918,169.9579,1.4876,110.5867
2023-03,AT,1.3256,7.566,288.0453,140.5671,105.3126,169.8024,1.486,110.1919
2023-04,AT,0.5944,6.802,297.4721,141.8732,107.4475,170.0585,1.4879,110.6025
2023-05,AT,0.4595,6.3982,304.2813,141.1679,109.7452,167.7463,1.4923,113.3028
2023-06,AT,0.2283,5.8442,306.135,142.1775,109.0368,172.8688,1.493,116.1701
2023-07,AT,0.1198,5.8301,310.312,141.1049,107.9249,175.3184,1.4909,115.1452
2023-08,AT,0.121,5.5973,310.9174,143.1017,103.2639,177.065,1.4882,115.569
2023-09,AT,0.1383,4.7144,324.7581,142.7394,103.6232,175.7123,1.49,113.9352
2023-10,AT,0.0326,4.1513,324.0763,145.0649,105.2135,176.2251,1.4908,113.6765
2023-11,AT,-0.3546,3.4885,330.0172,146.3125,110.2725,207.2502,1.4963,115.2376
2023-12,AT,-0.3427,3.0311,336.4847,145.7644,112.8656,195.8556,1.5031,116.1504
2024-01,AT,0.1613,2.6886,343.9711,148.0786,111.1304,183.0881,1.5038,115.2306
2024-02,AT,0.3265,2.8715,352.8541,149.4917,116.372,185.2751,1.5031,115.5435
2024-03,AT,0.6929,2.5518,358.6012,149.5074,111.4905,183.6067,1.5045,116.5629
2024-04,AT,1.1944,2.3477,368.1582,151.5629,113.9849,188.0372,1.5071,118.3078
2024-05,AT,1.9361,2.0634,375.9513,149.8875,111.3429,188.6274,1.508,116.0878
2024-06,AT,1.7779,2.3081,391.9954,152.5947,113.187,184.7194,1.5055,115.2141
2024-07,AT,1.8024,2.3887,396.5472,155.2596,112.9677,186.9399,1.5076,115.1712
2024-08,AT,1.0911,2.3901,404.615,157.7363,119.899,193.2327,1.5069,116.5492
2024-09,AT,1.4532,2.191,419.0616,157.5124,121.1952,193.611,1.5088,117.0385
2024-10,AT,1.6432,2.1524,423.1484,158.5572,124.2433,196.0742,1.5111,117.097
2024-11,AT,1.4339,1.9449,433.7821,159.913,122.1181,237.3882,1.5112,116.5578
2024-12,AT,1.7448,1.7451,427.9026,158.7143,120.5037,226.5906,1.5151,116.72
2025-01,AT,1.7065,2.0354,435.8729,159.9883,119.3266,209.5754,1.5136,117.6482
2025-02,AT,1.5248,2.2344,439.9163,161.5152,118.5646,211.6274,1.5195,118.0994
2025-03,AT,1.7311,2.1297,447.3378,161.3945,117.5434,217.1424,1.5214,119.2592
2025-04,AT,1.3556,1.827,452.55,160.9494,122.2029,215.8569,1.5213,120.2374
2025-05,AT,1.4581,1.7885,451.3395,161.4772,122.0099,212.1469,1.519,118.7277
2025-06,AT,1.5713,1.9385,462.0359,162.1659,124.4761,214.513,1.5193,116.7491
2025-07,AT,2.2167,2.019,474.8946,165.7802,122.6931,214.6392,1.5203,120.8315
2025-08,AT,2.626,1.7403,494.6862,168.4132,122.3124,215.2826,1.5221,118.9621
2025-09,AT,2.4563,1.855,502.3705,169.545,120.8708,218.1822,1.5259,120.4218
2025-10,AT,2.4822,1.7106,506.9235,170.3699,121.6778,220.7611,1.5262,121.9492
2025-11,AT,1.7816,2.1314,526.7153,170.4804,125.5802,256.4732,1.5262,122.7156
2025-12,AT,1.8053,2.094,529.3538,172.3763,120.5322,240.9794,1.53,123.0125
2026-01,AT,1.3018,1.9962,543.0453,172.2607,122.6478,225.0314,1.5327,125.1399
2026-02,AT,1.6515,2.3207,551.9576,172.9522,125.5698,222.1295,1.5358,126.2791
2026-03,AT,1.4123,2.0224,568.9895,175.7894,121.257,222.3492,1.5386,125.1728
2026-04,AT,1.9681,2.1806,581.1921,178.5755,123.0791,228.0186,1.539,127.2396
2026-05,AT,1.7546,1.9235,593.9239,178.7321,122.5441,229.2459,1.5406,128.0312
2026-06,AT,1.6439,1.612,595.7228,179.0211,126.6656,233.2432,1.5397,127.8117
2019-01,CZ,1.7862,1.5786,101.3264,101.5448,104.0462,101.5867,1.3104,99.7137
2019-02,CZ,1.523,1.3028,103.3205,102.8181,104.4856,105.3209,1.3108,99.6224
2019-03,CZ,1.778,1.1219,106.4141,103.1453,100.043,103.8901,1.3129,101.4628
2019-04,CZ,2.1873,1.4689,107.1801,102.9189,98.2501,102.8461,1.314,100.4265
2019-05,CZ,1.9412,1.283,110.4905,103.8515,98.6746,103.422,1.3145,100.319
2019-06,CZ,1.6767,1.2342,112.7763,103.974,99.8953,106.3615,1.3172,99.8184
2019-07,CZ,1.8897,1.3689,116.2853,103.6038,100.4685,106.5932,1.3153,101.0958
2019-08,CZ,1.3751,1.1777,116.346,105.3553,101.345,106.7155,1.3195,102.5516
2019-09,CZ,0.7099,0.8219,119.5263,106.513,101.4949,106.1806,1.3248,103.6787
2019-10,CZ,0.8841,0.7193,119.7063,108.0277,99.1619,107.1209,1.3266,103.5819
2019-11,CZ,0.422,0.5071,123.7727,109.2353,102.7908,125.0556,1.3276,103.5952
2019-12,CZ,0.5121,0.1495,127.6339,107.8774,103.6462,121.7353,1.3286,103.4487
2020-01,CZ,0.5265,0.3714,129.6713,109.6292,100.1479,112.156,1.3282,102.4767
2020-02,CZ,0.4817,0.6183,128.1882,109.6681,95.5777,111.5403,1.3293,102.1615
2020-03,CZ,-4.1739,0.3614,130.3752,110.9693,42.652,128.2665,1.3308,101.5675
2020-04,CZ,-8.9004,0.3324,145.497,111.1864,8.7607,145.6316,1.3283,103.0667
2020-05,CZ,-13.9672,0.2398,145.5729,112.3892,11.0851,156.6019,1.3328,103.4549
2020-06,CZ,-12.6249,0.1812,149.6858,112.8076,13.5704,157.8771,1.3364,104.4511
2020-07,CZ,-11.6868,0.511,152.5384,113.1322,24.1277,156.2601,1.3378,104.9863
2020-08,CZ,-9.9202,0.5423,153.5401,114.527,35.1392,155.2645,1.3368,107.2273
2020-09,CZ,-8.1357,0.3406,157.9393,115.964,29.8871,152.6437,1.3368,108.2219
2020-10,CZ,-6.5265,0.8704,162.9438,116.5249,23.1397,150.9578,1.3381,107.2376
2020-11,CZ,-4.966,0.8195,167.3409,117.1146,21.4859,179.0739,1.336,107.7882
2020-12,CZ,-3.0759,1.1562,172.2702,116.7256,19.7259,172.4716,1.3386,107.346
2021-01,CZ,-1.2111,1.0144,177.3154,117.0521,18.4242,158.4172,1.3406,107.7242
2021-02,CZ,0.8662,1.6873,180.1982,117.4004,16.6916,158.4463,1.3415,106.2305
2021-03,CZ,2.7221,1.7275,178.667,118.2539,21.8556,157.5381,1.3448,108.2673
2021-04,CZ,4.3045,2.2349,184.1976,118.9371,26.2322,162.7041,1.3407,107.6407
2021-05,CZ,6.3905,2.6305,187.6805,119.7408,30.2683,163.2659,1.3445,107.4652
2021-06,CZ,8.4978,2.9872,187.3604,120.5986,40.4115,162.4576,1.3479,108.4347
2021-07,CZ,7.8278,3.3762,195.7381,121.354,50.2745,159.6219,1.3526,110.1204
2021-08,CZ,7.2196,3.7002,201.9715,122.9833,60.5693,158.6874,1.3553,112.318
2021-09,CZ,7.0998,4.2194,206.434,122.7755,56.9046,160.9788,1.36,111.079
2021-10,CZ,6.3846,4.2177,205.1635,123.8765,55.9163,159.4854,1.3551,110.8854
2021-11,CZ,6.2546,4.8048,214.3609,126.6151,55.2919,186.1884,1.353,109.9939
2021-12,CZ,5.1219,5.3049,217.4406,125.9206,61.2614,177.0957,1.3562,109.3222
2022-01,CZ,4.7005,5.6788,222.7036,125.7756,65.4629,161.6693,1.3542,109.2746
2022-02,CZ,4.1325,6.2125,225.1631,127.5418,70.7746,166.4312,1.3535,109.7199
2022-03,CZ,3.6263,6.711,235.2399,127.8008,74.3843,164.8666,1.356,107.901
2022-04,CZ,2.7763,7.0895,235.3183,127.5873,85.768,166.0826,1.3568,108.3458
2022-05,CZ,2.2047,7.8114,240.2901,128.5156,93.8396,164.8338,1.3575,109.7858
2022-06,CZ,2.3572,8.2141,245.0506,128.8647,98.8979,165.5803,1.361,110.9336
2022-07,CZ,1.696,8.9703,250.3367,128.9632,101.2409,166.0054,1.3642,108.2948
2022-08,CZ,1.2918,9.6625,253.4577,131.0508,105.144,163.8851,1.361,108.7004
2022-09,CZ,1.2287,10.1869,257.6258,130.5684,109.4014,159.7673,1.3631,107.6679
2022-10,CZ,1.2957,10.7772,261.3786,132.8143,110.5386,165.5924,1.3658,109.5012
2022-11,CZ,0.756,9.6854,271.5633,133.4854,108.4168,193.5014,1.3649,111.81
2022-12,CZ,1.1691,8.9011,277.1529,133.2969,109.6886,180.3076,1.3654,114.0159
2023-01,CZ,1.0831,8.4297,282.3416,135.7281,109.7027,165.2483,1.3668,114.0021
2023-02,CZ,1.2203,7.8043,285.2248,137.6789,110.2167,166.5138,1.3684,115.146
2023-03,CZ,1.3171,7.2785,289.8884,137.5251,109.3947,167.1509,1.3719,115.5684
2023-04,CZ,1.5045,6.863,296.7201,138.5343,109.7821,167.3603,1.3739,115.4537
2023-05,CZ,1.3843,6.1131,303.0068,140.044,111.0348,167.9192,1.3761,116.8377
2023-06,CZ,0.9013,5.5463,308.6304,141.909,113.8238,169.1129,1.3782,115.8599
2023-07,CZ,0.7771,5.1109,309.5032,141.3471,115.3157,176.3165,1.3751,115.3726
2023-08,CZ,0.5173,4.7234,320.6095,141.7305,114.9715,179.226,1.3744,116.1811
2023-09,CZ,0.508,4.1166,328.1615,143.8103,110.1849,181.9993,1.3761,115.5998
2023-10,CZ,0.7528,3.4932,335.1561,145.5388,113.5041,177.0268,1.3783,114.7271
2023-11,CZ,0.3792,3.0649,336.4559,148.2607,117.8996,208.1344,1.3806,116.7329
2023-12,CZ,0.6068,2.8437,343.2585,147.3806,114.9869,202.8939,1.3827,116.6204
2024-01,CZ,0.5661,2.5896,348.7317,147.6064,117.7049,188.0288,1.3851,115.0994
2024-02,CZ,0.6583,2.4468,357.3804,148.1353,115.8057,186.4448,1.3845,115.0904
2024-03,CZ,0.2276,2.373,364.7925,149.3095,112.2363,191.3592,1.3846,116.8863
2024-04,CZ,0.4123,2.7224,370.8864,149.4373,114.2218,195.053,1.3857,118.5536
2024-05,CZ,0.1867,2.7634,374.4758,151.7809,116.219,197.8259,1.3872,118.8236
2024-06,CZ,0.4678,2.6115,383.4452,153.1996,116.5415,203.314,1.3872,119.019
2024-07,CZ,0.3138,2.5068,394.0441,151.8158,116.66,207.4194,1.3873,119.6343
2024-08,CZ,0.1852,2.6539,395.3204,154.6297,120.7207,210.2854,1.3884,120.3289
2024-09,CZ,0.2089,2.7823,399.7035,155.4135,116.7108,207.3898,1.3923,121.7434
2024-10,CZ,1.3662,2.4707,419.8648,155.5393,120.9604,202.912,1.3931,120.344
2024-11,CZ,2.0187,2.4774,433.9549,157.8045,116.3235,240.4341,1.3965,121.2653
2024-12,CZ,1.547,2.3529,435.1332,158.8329,117.4041,228.6028,1.3968,121.2514
2025-01,CZ,1.2065,2.5389,444.2312,161.085,118.9635,205.5121,1.3985,119.5788
2025-02,CZ,0.8009,2.1776,452.1981,160.9887,122.9375,203.8331,1.4013,119.3977
2025-03,CZ,0.6854,2.2333,460.4322,161.2117,116.9821,204.4846,1.4032,119.7679
2025-04,CZ,0.6828,2.0949,470.1011,163.1484,121.9298,205.3845,1.4039,118.6486
2025-05,CZ,0.9291,2.2407,479.9269,163.3521,121.7822,212.4393,1.4107,117.8147
2025-06,CZ,1.4036,2.1626,484.8856,164.5487,122.3703,218.2496,1.4109,117.3614
2025-07,CZ,1.4379,2.3445,484.9826,165.5241,123.8476,215.4627,1.408,117.9257
2025-08,CZ,1.9763,2.4553,491.7409,167.727,121.901,222.3387,1.408,120.7195
2025-09,CZ,1.7472,2.5727,501.3994,168.0184,122.5631,227.7794,1.4069,122.3297
2025-10,CZ,1.4592,2.3484,503.4052,169.5458,122.541,225.0671,1.4078,125.1714
2025-11,CZ,1.0686,2.2338,505.7034,170.3476,119.7362,264.9412,1.4065,123.0439
2025-12,CZ,1.3545,2.1062,523.9523,170.2954,118.4137,248.2217,1.4117,120.1027
2026-01,CZ,1.4775,1.928,536.9784,170.7193,120.4529,231.0085,1.4154,119.9626
2026-02,CZ,1.0672,1.6369,535.0095,173.7813,120.3751,229.9849,1.4144,122.1025
2026-03,CZ,1.002,1.5811,548.1751,176.4784,121.1772,232.1195,1.416,125.0258
2026-04,CZ,1.2577,1.6969,564.1046,179.1976,125.3577,235.2611,1.4154,123.1736
2026-05,CZ,1.5017,1.9139,585.795,179.352,123.2899,235.741,1.4225,124.311
2026-06,CZ,1.5093,2.1558,597.3008,180.3641,128.0897,236.4279,1.4196,125.7139
2019-01,DE,1.5729,1.2555,99.4155,100.1628,99.4559,100.3131,1.3272,101.3585
2019-02,DE,1.5011,0.9319,101.4758,100.807,100.1319,100.6453,1.3312,100.7111
2019-03,DE,1.8682,1.0939,104.4554,101.0323,98.9211,104.0621,1.3337,100.4803
2019-04,DE,1.72,1.4847,104.4731,101.7162,100.1911,103.7641,1.3388,100.0063
2019-05,DE,1.4996,1.2583,105.5667,101.3894,99.4805,105.0786,1.3384,101.3168
2019-06,DE,1.2009,1.0929,107.8913,103.4423,101.8394,108.5202,1.3388,101.9061
2019-07,DE,1.5776,1.0213,112.2801,104.0562,102.0329,107.4662,1.3356,102.2893
2019-08,DE,0.5623,0.8755,113.8837,105.2053,103.9929,106.0652,1.339,102.1976
2019-09,DE,0.5558,0.9082,113.4022,106.0974,103.2714,106.4726,1.3398,103.0737
2019-10,DE,0.5033,1.0321,114.0298,107.3061,105.1085,108.9415,1.3414,103.8074
2019-11,DE,0.1632,0.8494,116.6009,107.221,104.1086,127.637,1.3413,103.2328
2019-12,DE,0.6623,0.6211,117.5499,106.7787,107.0112,123.2994,1.3439,103.3626
2020-01,DE,0.5204,0.5886,121.2877,107.887,107.4299,114.4832,1.3473,103.782
2020-02,DE,0.9114,0.3303,125.9716,108.5065,103.0068,115.5409,1.3474,102.9813
2020-03,DE,-3.7837,0.3764,126.4659,109.9167,45.3307,125.2289,1.3476,103.0614
2020-04,DE,-8.8748,0.653,145.6773,109.6044,9.4057,136.0407,1.3512,103.7156
2020-05,DE,-13.6369,0.8664,147.9671,110.397,11.9541,152.0548,1.351,104.7958
2020-06,DE,-12.937,1.0719,151.2849,111.3391,14.4117,151.2496,1.3482,104.9345
2020-07,DE,-10.841,1.0792,150.7788,112.5011,26.4546,150.6267,1.3489,105.3728
2020-08,DE,-9.5698,1.2474,157.7617,114.152,38.3945,154.4513,1.3467,106.1184
2020-09,DE,-7.8459,1.2522,161.9997,116.2377,31.0772,154.6968,1.351,105.3554
2020-10,DE,-6.7091,1.1755,162.9831,117.2023,23.4317,156.2146,1.3502,104.3914
2020-11,DE,-5.5985,1.288,168.0781,118.0241,22.5144,182.0427,1.3519,104.3118
2020-12,DE,-5.0396,1.2617,171.844,117.904,21.013,171.0083,1.3517,106.2689
2021-01,DE,-2.7571,1.3498,174.1937,117.2922,18.5969,155.3401,1.3548,107.3742
2021-02,DE,-0.1091,1.8119,178.918,119.5085,16.7684,159.8431,1.358,107.7174
2021-03,DE,2.4816,1.9884,181.5518,118.951,21.3988,160.5466,1.3563,107.0127
2021-04,DE,4.4771,2.296,182.8107,118.9088,26.42,161.2982,1.354,104.6881
2021-05,DE,6.7911,2.6639,185.0969,118.8954,31.4122,160.7962,1.3577,105.6216
2021-06,DE,8.7724,2.8257,187.707,119.0753,41.3326,159.7866,1.3618,106.1999
2021-07,DE,8.3831,3.4041,194.5457,119.2147,49.6988,162.9121,1.363,106.9357
2021-08,DE,7.8744,3.9018,195.657,121.7114,58.7683,165.2818,1.3638,105.3444
2021-09,DE,6.9533,4.0753,197.1348,122.891,58.6977,162.8995,1.3634,105.7683
2021-10,DE,6.3688,5.076,200.7677,122.5018,57.4152,159.4438,1.3675,104.7734
2021-11,DE,5.822,5.4127,206.5276,121.5867,55.9187,186.2157,1.3703,106.8167
2021-12,DE,4.4824,5.7282,209.0496,123.1065,59.1336,177.7928,1.3708,108.6375
2022-01,DE,5.1832,6.3114,214.0139,124.0301,67.5363,163.0691,1.3739,110.3872
2022-02,DE,4.3138,6.8917,219.9577,126.9743,71.9635,160.2642,1.3749,111.144
2022-03,DE,4.2049,7.2616,223.2042,127.7767,78.1663,162.9638,1.3805,110.6799
2022-04,DE,4.1785,7.5844,229.1431,130.6073,84.0287,160.1375,1.3816,109.6002
2022-05,DE,3.4985,8.4157,239.0465,133.4038,88.8419,159.491,1.3872,110.7894
2022-06,DE,2.9208,9.2405,239.6331,133.464,99.2172,159.0637,1.3859,111.3374
2022-07,DE,3.0871,9.7995,245.3291,134.1961,105.9499,161.9127,1.3839,113.1831
2022-08,DE,2.7975,10.3283,253.2269,134.0705,109.7018,160.6692,1.3801,114.3875
2022-09,DE,2.7131,10.647,254.8582,133.3624,112.4362,162.1742,1.3836,115.5839
2022-10,DE,2.0125,11.149,260.3864,133.6871,112.2534,160.982,1.3899,111.847
2022-11,DE,1.2144,10.4941,264.3376,135.2628,110.1634,192.6563,1.3891,111.9036
2022-12,DE,1.0176,9.7413,271.3273,137.8492,105.7675,182.5345,1.391,112.1574
2023-01,DE,0.7476,8.9529,273.0116,137.9149,104.8268,168.9252,1.3907,113.8316
2023-02,DE,1.1761,7.9584,277.4994,138.3838,105.358,171.1557,1.3974,115.4383
2023-03,DE,0.5037,7.2107,280.2606,138.7928,108.0725,173.8645,1.3981,113.299
2023-04,DE,0.1384,6.5742,291.5838,139.2993,110.9859,173.2957,1.3976,114.553
2023-05,DE,0.2878,6.242,297.1703,140.8545,112.8672,172.6756,1.3968,115.6719
2023-06,DE,0.054,5.5989,297.7673,141.133,112.1892,175.9766,1.3973,115.5753
2023-07,DE,0.2923,4.8036,308.1603,142.3246,112.8074,179.8598,1.3963,115.8052
2023-08,DE,0.1739,4.3659,313.6023,144.0455,112.6075,181.4827,1.3996,115.134
2023-09,DE,-0.0635,4.1176,315.629,144.0171,117.5635,185.1338,1.4002,115.588
2023-10,DE,-0.4799,3.5816,328.3779,144.1418,113.7409,185.4373,1.3983,115.3733
2023-11,DE,0.5217,3.5314,333.2095,145.9848,115.0338,211.1572,1.3987,116.9583
2023-12,DE,0.162,3.3246,341.8838,147.3934,112.5193,201.1382,1.4019,115.8304
2024-01,DE,0.7191,2.8172,353.8494,147.4598,108.5934,184.8845,1.4005,119.1017
2024-02,DE,1.0729,2.8298,363.0373,147.0248,113.8586,183.7927,1.4028,119.098
2024-03,DE,1.2958,2.7528,370.4896,146.1868,116.0077,182.8228,1.4036,118.0431
2024-04,DE,1.2231,2.7161,375.8898,147.0577,112.844,185.4651,1.407,119.3358
2024-05,DE,1.4306,2.5641,377.0132,148.1723,113.0618,186.0993,1.4067,118.4602
2024-06,DE,1.0967,2.6588,376.2828,150.3507,115.8298,190.4814,1.4089,119.0807
2024-07,DE,1.4793,2.5792,385.2346,152.0414,116.2214,192.365,1.4122,118.1935
2024-08,DE,0.9163,2.1802,391.2204,154.5568,112.8398,194.4233,1.4142,119.1314
2024-09,DE,0.8638,2.1692,403.5099,155.9464,113.8904,197.8908,1.4158,118.5595
2024-10,DE,0.589,2.1357,408.4866,154.9373,119.4738,206.7465,1.4172,119.8095
2024-11,DE,0.6956,2.1246,423.4573,156.277,119.468,238.5041,1.4155,121.1292
2024-12,DE,0.6971,2.1417,424.7407,159.4849,122.9887,231.667,1.4177,120.5473
2025-01,DE,0.8357,2.1058,435.4041,160.5106,119.7547,210.8729,1.4213,118.4439
2025-02,DE,1.2104,2.077,441.5805,161.2582,120.2167,210.999,1.4235,121.8826
2025-03,DE,1.0718,1.7988,450.7835,162.4561,119.8173,213.4519,1.4236,124.8321
2025-04,DE,1.0202,1.8855,466.8189,165.7931,118.4275,218.8305,1.4276,124.1678
2025-05,DE,1.0981,2.0724,470.9023,167.208,121.3682,218.4248,1.4305,122.9205
2025-06,DE,1.3229,2.3284,475.5071,168.1326,126.0644,221.3643,1.4293,121.517
2025-07,DE,1.7137,2.2201,497.5054,171.171,118.4072,225.8164,1.4294,119.4087
2025-08,DE,1.7857,2.1044,507.5185,171.6067,115.2892,224.9342,1.4314,119.08
2025-09,DE,2.3782,1.9329,506.7115,170.4226,115.9161,225.1557,1.4353,121.4533
2025-10,DE,2.4537,1.8785,517.4189,170.254,111.5212,230.3832,1.4325,121.2696
2025-11,DE,2.3824,1.8102,516.825,170.9224,118.7123,262.0945,1.4326,121.4147
2025-12,DE,2.1774,1.8479,524.7432,171.9966,118.1738,256.8719,1.4351,121.402
2026-01,DE,2.2785,1.8364,545.5908,171.3611,119.4006,232.9756,1.4336,121.6684
2026-02,DE,2.0978,2.1125,551.0316,173.8352,122.4453,232.0816,1.4351,122.6906
2026-03,DE,1.7006,2.0019,567.5518,175.6906,122.7425,234.4284,1.4411,124.5149
2026-04,DE,1.9545,1.8583,570.1675,175.9244,125.7415,231.6369,1.4403,124.1591
2026-05,DE,2.0106,1.8791,583.8285,176.4526,124.9036,238.4764,1.4421,125.1506
2026-06,DE,1.9616,2.055,607.625,178.6262,123.1128,234.899,1.4396,125.3338
2019-01,ES,1.7588,1.5368,100.5673,99.3576,102.6817,100.3659,1.2402,99.1997
2019-02,ES,1.2876,1.7983,102.3124,100.9751,103.1979,97.6945,1.2428,102.6289
2019-03,ES,0.7274,1.629,101.8655,101.7967,102.0647,101.3217,1.2434,101.4903
2019-04,ES,2.0702,1.5184,105.2831,103.6897,104.3177,103.8384,1.2437,102.4356
2019-05,ES,0.7024,1.4446,106.8174,103.5932,104.8834,103.8294,1.2458,103.1568
2019-06,ES,0.5669,1.5545,111.0966,105.1485,106.5024,106.2373,1.2431,102.788
2019-07,ES,0.5522,1.3258,115.6632,105.1415,103.844,107.7475,1.2446,102.3765
2019-08,ES,0.8514,1.0334,119.5132,105.9917,106.0434,107.7815,1.247,101.218
2019-09,ES,0.4649,0.8371,122.5902,105.9838,108.5898,110.4284,1.2463,101.9417
2019-10,ES,0.4749,0.5955,123.9848,106.378,111.377,113.0556,1.2453,102.7003
2019-11,ES,1.0535,0.5669,123.4551,106.1506,108.0202,131.3438,1.2458,102.651
2019-12,ES,1.0846,0.431,124.4747,107.1015,110.5493,122.3356,1.2478,102.3566
2020-01,ES,1.4887,0.33,129.8879,108.8585,106.012,111.6595,1.2502,104.1287
2020-02,ES,1.0953,0.158,130.2412,109.3654,101.5587,112.8223,1.2507,105.2552
2020-03,ES,-3.6543,0.2553,131.6438,108.9763,45.8916,128.5975,1.2528,103.2864
2020-04,ES,-8.0173,0.3117,150.2101,110.2578,9.2617,144.3668,1.2553,104.1245
2020-05,ES,-12.4965,0.2626,148.8521,112.1943,12.0134,157.576,1.2566,104.7129
2020-06,ES,-11.7183,0.4877,153.1464,112.4853,14.7339,156.8613,1.2642,104.5127
2020-07,ES,-10.5432,0.2698,154.179,114.4947,27.3729,154.5807,1.2626,103.5445
2020-08,ES,-9.2871,0.5465,156.5344,114.0579,39.9483,154.6902,1.2635,104.9155
2020-09,ES,-8.1217,0.6991,159.614,114.7939,34.2462,156.8563,1.2612,104.3667
2020-10,ES,-6.8823,0.5699,159.6786,116.1632,25.7888,156.5159,1.2608,104.1712
2020-11,ES,-5.1624,1.1965,164.3335,115.3133,23.8881,185.3706,1.265,106.5187
2020-12,ES,-4.2522,1.2033,170.0989,116.1758,21.0481,176.0625,1.2648,107.349
2021-01,ES,-2.2923,1.1258,175.1019,116.1619,18.7272,154.7874,1.268,106.764
2021-02,ES,0.32,1.452,176.6081,117.1037,16.9794,159.7593,1.2689,107.7603
2021-03,ES,2.3639,1.9473,181.6928,117.9513,21.4943,158.3949,1.2709,108.4256
2021-04,ES,4.4085,2.1649,183.3804,120.2219,26.3672,156.4589,1.2695,107.6509
2021-05,ES,5.9021,2.6031,186.8159,121.7776,31.4267,160.9096,1.2711,108.5497
2021-06,ES,8.3603,3.252,192.0367,123.0007,43.492,161.1323,1.2737,108.5393
2021-07,ES,7.5585,3.9231,196.4919,122.7938,55.9693,162.1957,1.2748,109.7737
2021-08,ES,6.9423,4.322,202.854,123.4779,65.851,162.2608,1.2761,110.0167
2021-09,ES,7.1445,4.5966,206.7444,124.0996,63.1801,161.2894,1.2742,112.622
2021-10,ES,6.983,4.3398,206.1985,124.4538,57.5029,162.8245,1.2767,111.5913
2021-11,ES,6.3223,4.9796,209.9442,123.8373,55.8091,189.2527,1.2751,111.6649
2021-12,ES,5.6678,5.3974,214.7352,124.6626,60.8876,177.0573,1.2798,111.7452
2022-01,ES,5.2952,5.9231,215.9554,125.8325,68.0639,163.6132,1.2837,111.5606
2022-02,ES,5.3867,6.3706,221.5654,125.8569,71.7674,168.2495,1.2829,110.2518
2022-03,ES,4.9828,6.6056,224.6204,125.5671,80.3258,163.8499,1.2843,111.2486
2022-04,ES,4.1654,7.2692,224.93,126.3767,85.1307,163.7135,1.2845,112.2579
2022-05,ES,3.9004,7.884,232.3762,129.0892,90.3408,162.3418,1.2855,112.7057
2022-06,ES,3.5149,8.1993,239.1062,129.4124,93.9923,159.9096,1.2866,112.1363
2022-07,ES,2.6593,8.8038,238.2362,129.5754,99.4392,162.8346,1.2914,112.8702
2022-08,ES,2.7858,9.463,240.1085,130.6718,99.7998,167.9086,1.2938,113.4471
2022-09,ES,2.5263,10.0541,246.387,131.7301,106.7101,170.3772,1.295,113.1789
2022-10,ES,2.3509,10.7547,250.8584,133.5863,109.1772,166.7903,1.2935,112.6285
2022-11,ES,1.4621,10.0895,262.835,135.8571,111.9368,191.9759,1.2946,109.6801
2022-12,ES,1.4642,9.1036,269.1357,135.8299,114.3956,183.4126,1.295,111.9084
2023-01,ES,1.186,8.3142,270.5607,137.4059,115.323,165.633,1.297,111.8291
2023-02,ES,1.1753,7.8669,268.8957,140.0607,114.5853,167.7747,1.2968,111.0798
2023-03,ES,1.6962,7.3339,276.3171,139.603,117.2103,172.7637,1.2933,112.7452
2023-04,ES,1.6792,6.5015,279.9264,139.5386,112.4117,175.2235,1.2973,114.0063
2023-05,ES,0.6987,5.7511,292.2128,139.0755,112.7757,175.9485,1.2955,113.1048
2023-06,ES,0.5467,5.3652,294.0969,138.9916,113.8302,180.8511,1.2983,114.0572
2023-07,ES,0.6408,4.8622,309.2656,139.6259,114.3754,177.5711,1.2936,117.2703
2023-08,ES,-0.0184,4.5636,318.5,140.1857,114.5043,175.4414,1.2957,115.9642
2023-09,ES,0.0244,3.877,332.0591,142.9815,110.9313,175.117,1.299,115.3718
2023-10,ES,-0.3342,3.5914,339.828,144.467,113.2074,177.4695,1.3021,114.1752
2023-11,ES,-0.4852,3.2466,344.4808,147.1594,112.2025,207.9582,1.3015,116.107
2023-12,ES,-0.1061,3.1265,354.7783,148.0201,112.9845,201.6019,1.3036,115.9335
2024-01,ES,0.202,2.8773,359.502,147.9608,112.8919,181.9228,1.3055,117.6553
2024-02,ES,0.6285,2.6127,357.3719,148.8291,113.1283,182.4848,1.3063,118.2041
2024-03,ES,0.1909,2.61,370.0048,149.097,114.5929,184.2099,1.3103,117.2355
2024-04,ES,0.6447,2.8375,375.3683,151.7531,120.2098,188.0531,1.3104,116.856
2024-05,ES,-0.0575,2.7432,379.5172,151.1946,121.6065,189.104,1.3147,118.6923
2024-06,ES,0.0902,2.8092,380.7994,152.9389,116.2322,185.4165,1.3202,119.9338
2024-07,ES,0.3693,2.7524,395.1454,152.1775,116.9684,186.7832,1.3249,119.0644
2024-08,ES,1.4631,2.5969,398.3157,155.1504,117.9012,190.9323,1.3247,118.8989
2024-09,ES,1.4101,2.6074,406.5889,156.0526,120.8648,189.5606,1.3253,119.7473
2024-10,ES,1.8758,2.6607,420.7492,156.4457,119.8418,193.5584,1.3233,116.9519
2024-11,ES,1.3008,2.3813,433.9931,159.6254,123.9181,227.8994,1.3231,118.2584
2024-12,ES,1.3616,2.419,435.3446,160.1401,121.7378,220.5035,1.3231,119.9378
2025-01,ES,1.688,2.3611,437.3399,161.6449,126.1142,199.7082,1.3204,118.6962
2025-02,ES,1.0721,2.0506,451.1326,161.3104,123.7053,200.8216,1.3219,118.7813
2025-03,ES,1.5105,2.3168,453.4017,162.7046,124.7041,200.5036,1.3249,120.9089
2025-04,ES,1.6848,2.2844,464.5208,163.6888,123.589,204.6181,1.3262,120.7927
2025-05,ES,1.6657,2.097,464.9483,166.2955,123.5737,207.0062,1.328,122.0096
2025-06,ES,1.7522,2.2678,472.4363,166.0245,125.6563,208.884,1.3264,123.1307
2025-07,ES,1.7614,2.3571,480.6709,166.9841,126.3881,215.0651,1.3279,123.2313
2025-08,ES,1.2017,2.0785,489.1256,166.2405,125.7565,216.4034,1.3289,122.6228
2025-09,ES,2.0869,1.9464,496.2824,165.2376,124.964,221.3103,1.3299,124.9472
2025-10,ES,2.1685,2.111,505.7696,167.6308,128.6362,222.6529,1.3294,125.4808
2025-11,ES,1.1928,2.3695,510.9404,170.6932,128.4432,259.9056,1.3296,124.0664
2025-12,ES,1.2314,2.1111,524.4527,174.4513,131.7364,251.9068,1.3321,123.0882
2026-01,ES,1.3631,2.0129,525.0374,176.2685,128.1461,228.4709,1.3375,123.9275
2026-02,ES,0.7453,2.0028,534.397,176.0546,130.3933,233.1629,1.3404,124.0785
2026-03,ES,1.3875,1.9074,548.4681,172.662,131.9882,230.2171,1.3401,122.6638
2026-04,ES,1.4205,1.9751,563.1825,172.677,129.4119,232.5699,1.3384,121.8846
2026-05,ES,1.5697,1.6454,577.2393,174.3668,128.6901,237.9365,1.3397,122.0282
2026-06,ES,1.0017,1.8097,600.0773,176.0194,123.859,231.253,1.3412,123.232
2019-01,FR,2.1495,1.4269,98.3261,100.68,96.74,103.2098,1.2074,99.1987
2019-02,FR,1.8357,1.5586,98.8671,101.3901,98.5308,102.6981,1.2113,99.3017
2019-03,FR,2.0233,1.6508,105.8688,102.6829,97.9243,103.9754,1.2147,99.8149
2019-04,FR,2.0734,1.4933,107.837,101.3902,97.4967,106.4401,1.2151,99.564
2019-05,FR,1.7885,1.2952,111.4098,101.8652,98.9284,107.8587,1.2146,99.7148
2019-06,FR,1.5161,1.3943,110.4197,103.414,99.8702,107.3595,1.2137,99.4479
2019-07,FR,1.1384,1.3287,111.3297,103.3546,100.3736,107.2549,1.2149,100.7285
2019-08,FR,1.2435,1.4892,113.8194,105.4475,99.2995,108.197,1.2171,100.6561
2019-09,FR,1.8414,1.2906,117.4679,105.4164,100.7303,107.1698,1.2163,100.8702
2019-10,FR,2.3145,1.3732,120.6579,105.1708,103.1159,108.3011,1.2162,101.2651
2019-11,FR,2.5297,1.0343,124.4737,105.5178,103.7903,128.4423,1.2208,101.1727
2019-12,FR,2.2085,0.8588,124.4904,107.3032,103.5307,124.9266,1.2229,103.1575
2020-01,FR,1.5796,0.5879,125.2616,107.9537,105.9042,112.2708,1.2212,100.4626
2020-02,FR,0.964,0.4807,128.9127,108.5173,100.6577,112.4041,1.2251,100.7167
2020-03,FR,-4.5604,0.3695,131.8732,110.165,46.2859,127.8146,1.2289,101.9863
2020-04,FR,-9.4368,0.1902,146.8152,110.8958,9.403,142.007,1.2276,102.6138
2020-05,FR,-13.8872,-0.0153,150.1397,111.8416,12.1871,155.0841,1.2287,103.7302
2020-06,FR,-12.876,0.218,155.5368,111.7411,14.5591,153.6717,1.236,103.3106
2020-07,FR,-11.344,0.0953,155.3129,111.1781,27.8022,157.4498,1.2341,103.7397
2020-08,FR,-9.7538,0.3505,160.1779,112.3284,39.8897,158.2889,1.2367,106.3497
2020-09,FR,-7.9006,0.4332,161.1717,114.4216,31.6111,162.5785,1.2387,105.6626
2020-10,FR,-6.808,0.6308,167.0785,115.2929,24.0377,163.5637,1.2412,106.86
2020-11,FR,-5.6376,0.7883,171.9055,116.7971,23.4638,187.8278,1.2401,107.4973
2020-12,FR,-3.7112,0.7264,176.7708,116.3432,22.4334,174.0178,1.2396,106.3543
2021-01,FR,-1.5656,1.3911,177.1736,118.2635,19.9332,159.9253,1.2437,107.6002
2021-02,FR,0.6172,1.7747,179.2227,118.3525,18.0905,158.6484,1.2422,110.2793
2021-03,FR,2.2465,1.9837,179.8284,119.9735,23.1093,156.9448,1.2447,110.3568
2021-04,FR,4.0951,2.5462,184.3707,119.941,27.2922,158.2479,1.2452,108.914
2021-05,FR,6.4748,2.9187,194.7819,121.9138,30.7441,157.7708,1.2455,109.6212
2021-06,FR,8.5038,2.9675,199.4813,120.7378,41.1784,156.5977,1.2423,109.281
2021-07,FR,7.9606,3.618,198.3404,121.3822,52.2568,155.5477,1.2482,108.6043
2021-08,FR,7.5917,3.46,201.6041,121.8561,63.0668,159.6882,1.2462,107.9663
2021-09,FR,6.8892,3.8918,201.4642,121.7685,61.3026,161.4657,1.245,111.188
2021-10,FR,6.7116,4.3841,210.3625,122.1968,59.6579,158.6094,1.2483,109.5586
2021-11,FR,6.0282,4.8972,213.6402,123.7926,55.8123,185.1718,1.2489,108.057
2021-12,FR,5.7971,5.3255,214.1226,124.3387,62.1955,175.6708,1.2488,109.3161
2022-01,FR,5.3115,5.8586,217.577,125.6107,66.299,161.1667,1.2482,108.7398
2022-02,FR,4.5866,6.311,222.5502,125.4835,71.3211,160.4613,1.2528,108.2762
2022-03,FR,4.3728,6.7826,232.7286,125.1111,76.5662,158.3498,1.255,108.7179
2022-04,FR,4.3163,7.3916,232.8256,126.5677,81.9492,163.6732,1.2565,109.1288
2022-05,FR,4.013,8.0509,243.2638,126.7231,89.213,165.7838,1.2551,108.4142
2022-06,FR,3.1407,8.4187,250.3331,127.1762,94.2455,161.2641,1.2568,108.3384
2022-07,FR,2.6959,8.9716,250.2458,127.827,98.7613,162.9137,1.2594,109.3392
2022-08,FR,2.6926,9.4097,252.5575,129.0406,101.0498,164.9673,1.265,109.3016
2022-09,FR,2.6754,10.3519,257.9893,131.7083,102.4291,164.5223,1.2646,109.9287
2022-10,FR,2.7436,10.8426,268.1691,132.7652,101.208,167.0057,1.267,110.0255
2022-11,FR,2.0776,10.1647,273.2068,134.009,103.9727,191.1731,1.2665,110.2749
2022-12,FR,1.6479,9.4836,284.0987,135.0569,102.8106,181.3016,1.2652,110.4684
2023-01,FR,1.0674,8.4516,283.1182,135.5659,107.7602,165.8834,1.266,112.625
2023-02,FR,1.0784,7.8639,286.626,135.5991,106.8066,165.9376,1.2653,113.9129
2023-03,FR,1.1953,7.3561,297.0817,138.5596,106.4773,165.5696,1.268,112.3636
2023-04,FR,1.4243,6.6142,303.2287,140.9839,111.4772,166.8432,1.2683,112.6066
2023-05,FR,1.2644,6.1241,306.5323,141.5267,112.8426,170.5667,1.2675,114.0285
2023-06,FR,1.6815,5.4433,308.9768,141.7826,110.9219,171.9653,1.2688,114.7727
2023-07,FR,1.3689,5.0204,318.4626,143.1933,110.8922,175.4114,1.2701,114.2755
2023-08,FR,0.4305,4.6077,322.8207,144.2792,110.4144,176.866,1.2754,116.9367
2023-09,FR,0.4097,4.4361,322.1072,142.484,109.3683,182.8285,1.2747,116.1996
2023-10,FR,0.4612,3.7681,337.3288,142.9233,111.2025,181.8779,1.2798,116.4105
2023-11,FR,0.7252,3.7399,345.6643,144.8101,114.3555,211.9877,1.2788,116.0248
2023-12,FR,0.677,3.1971,348.6634,144.6537,113.0522,203.7595,1.2797,116.2825
2024-01,FR,0.8471,2.6855,357.8709,147.8984,112.9228,184.7195,1.2782,115.7484
2024-02,FR,0.4498,2.7522,364.6292,147.0384,115.2162,184.4101,1.2796,115.9444
2024-03,FR,0.4377,2.7701,367.5794,149.6587,116.7897,187.6095,1.2778,116.4652
2024-04,FR,0.4473,2.9313,381.2952,152.5365,116.9863,186.5416,1.2752,116.5609
2024-05,FR,0.8464,2.9452,381.1437,155.2379,114.3842,190.5113,1.2785,116.4017
2024-06,FR,1.2055,2.8932,384.8992,155.5397,116.7422,197.2451,1.2827,117.4699
2024-07,FR,0.9653,2.6522,383.4697,156.85,115.7807,196.7865,1.2834,120.5038
2024-08,FR,0.9539,2.7697,394.4014,156.6267,111.2416,199.0917,1.2852,121.6451
2024-09,FR,0.2835,2.4424,391.6891,156.7852,114.2787,199.2737,1.2849,124.4182
2024-10,FR,0.6898,2.475,403.6474,157.3754,114.0153,199.5927,1.2865,124.4493
2024-11,FR,0.8414,2.5371,413.6028,156.5089,112.9445,234.0486,1.2894,122.7954
2024-12,FR,1.2266,2.4185,412.0323,158.4506,117.9024,226.6129,1.2906,121.3214
2025-01,FR,1.6405,2.6352,436.5433,158.0891,118.2116,210.7524,1.2916,119.6627
2025-02,FR,1.9156,2.38,434.5007,159.2943,119.0045,210.2507,1.2942,117.803
2025-03,FR,2.1933,2.4695,438.8491,161.703,119.6183,211.0913,1.2967,117.42
2025-04,FR,1.5582,2.4449,448.464,161.805,120.9636,210.6794,1.2976,118.1737
2025-05,FR,1.2658,2.5748,460.9468,165.114,121.4268,211.4496,1.2983,119.7295
2025-06,FR,1.1361,2.4287,477.3946,163.6634,121.341,210.927,1.2952,120.6404
2025-07,FR,1.978,2.4722,489.6027,164.3629,123.2046,217.6638,1.299,121.2347
2025-08,FR,1.6186,2.4742,498.1189,165.1147,124.1962,213.433,1.2985,122.5162
2025-09,FR,1.9262,2.3382,510.2884,167.6161,126.6291,214.248,1.2985,121.5999
2025-10,FR,1.8404,2.2735,524.4923,167.6731,128.2249,214.9793,1.2985,121.062
2025-11,FR,2.1269,2.3598,522.0518,170.7512,125.6796,246.466,1.3016,123.6139
2025-12,FR,2.1793,2.5072,530.7665,173.2276,125.6676,237.7095,1.3027,123.9739
2026-01,FR,2.1448,2.2933,539.5359,173.4772,126.1489,219.5005,1.304,124.8532
2026-02,FR,2.1016,2.1898,552.9673,174.9393,119.9613,227.2689,1.3057,125.1801
2026-03,FR,1.4487,2.261,571.4954,174.5308,119.703,228.6276,1.312,125.0638
2026-04,FR,1.0597,2.2339,592.4815,174.7839,119.51,234.0433,1.3125,126.3573
2026-05,FR,1.773,2.4269,596.5666,177.195,122.9952,239.3743,1.316,125.0731
2026-06,FR,1.8495,2.146,596.4024,179.6708,122.4258,233.1497,1.3156,124.6171
2019-01,GR,2.1272,1.9074,100.073,99.4267,106.4368,99.3463,1.1608,100.6416
2019-02,GR,2.1517,1.9475,105.3479,99.7095,103.4285,99.194,1.1602,102.7518
2019-03,GR,2.054,2.4167,106.6785,100.2023,105.2338,102.5441,1.1616,102.2107
2019-04,GR,2.1302,1.9006,109.4773,101.4353,104.18,106.1569,1.1632,103.5829
2019-05,GR,1.9983,1.4679,112.8044,101.596,102.1981,105.9096,1.1635,101.9151
2019-06,GR,2.0519,1.0916,114.7007,102.8133,104.0396,108.4945,1.1629,103.1989
2019-07,GR,1.6292,1.3774,118.0254,103.79,102.6516,109.0902,1.1688,101.963
2019-08,GR,1.3683,1.4505,118.2639,105.078,104.3434,107.3915,1.1689,101.0575
2019-09,GR,0.992,1.6343,120.4146,106.3968,108.8412,106.7366,1.168,101.692
2019-10,GR,1.0072,1.7619,124.4066,108.6505,106.2849,109.5629,1.1658,102.1575
2019-11,GR,0.8492,1.5113,128.4338,108.6724,102.0884,125.8667,1.1661,102.1798
2019-12,GR,0.5374,1.0795,131.0255,111.5495,104.0048,119.5181,1.1681,103.6901
2020-01,GR,0.6402,0.8009,133.7138,112.2,105.4317,108.8785,1.1693,104.8785
2020-02,GR,1.1255,0.6012,133.9887,112.8253,99.484,107.1344,1.1709,105.3641
2020-03,GR,-3.2416,0.0801,138.2006,112.6406,45.084,120.8756,1.1746,106.9671
2020-04,GR,-8.4244,0.0709,155.2127,112.584,9.1678,137.3549,1.1784,106.8652
2020-05,GR,-13.2179,0.0951,156.1892,113.4424,11.912,154.6772,1.1802,106.311
2020-06,GR,-12.1734,0.5652,160.9441,114.6958,14.4191,155.0911,1.1807,106.0135
2020-07,GR,-10.8997,0.6613,163.067,115.4332,27.0262,152.3627,1.1803,105.0079
2020-08,GR,-9.1216,0.7325,167.6883,115.9752,40.1926,155.6914,1.1803,104.6913
2020-09,GR,-7.4547,0.9981,170.9463,117.2335,31.7569,155.5966,1.1812,104.8207
2020-10,GR,-6.0007,1.1535,176.9364,119.4282,24.0812,165.1529,1.1834,106.2381
2020-11,GR,-4.6384,1.1374,180.0972,119.9571,22.4369,190.9954,1.1821,106.5182
2020-12,GR,-3.2411,1.1644,184.7623,121.0285,20.9033,180.3429,1.1841,108.6986
2021-01,GR,-1.1387,1.2166,191.3698,123.4735,18.2846,160.56,1.1855,109.0096
2021-02,GR,1.4641,1.8839,195.9967,122.721,17.2484,161.0571,1.1872,108.9474
2021-03,GR,3.2556,2.4228,199.3165,124.0555,21.8924,161.3501,1.1908,108.3526
2021-04,GR,4.9983,2.793,203.8498,124.348,26.5274,160.4365,1.1898,110.284
2021-05,GR,6.7783,3.511,205.7718,125.3008,31.6507,156.3942,1.1934,110.2969
2021-06,GR,8.3506,3.697,213.4419,126.6291,41.2932,156.9412,1.1959,111.1811
2021-07,GR,7.7485,4.106,217.6769,129.0794,52.9432,158.1619,1.1955,110.0187
2021-08,GR,7.5275,4.5137,223.1511,129.5308,65.1398,156.5141,1.1959,110.2618
2021-09,GR,7.2836,4.9307,230.4885,131.0201,62.0011,154.941,1.1962,111.1602
2021-10,GR,7.1232,5.2445,235.0432,132.0075,60.7791,153.8523,1.194,111.3592
2021-11,GR,6.2171,5.6235,246.1597,131.4603,58.3234,185.8551,1.1953,112.4622
2021-12,GR,5.9257,6.4319,248.979,134.317,61.8502,174.6755,1.1943,113.4219
2022-01,GR,5.2684,6.8949,249.4393,134.8499,67.9641,155.588,1.1955,113.7478
2022-02,GR,4.8444,7.4383,258.4984,134.8975,74.5659,156.9443,1.1985,115.4177
2022-03,GR,4.2386,8.3173,268.5102,136.7389,79.4834,155.7446,1.1983,114.876
2022-04,GR,3.882,8.6624,274.3599,136.8606,85.0069,158.8143,1.2028,114.6306
2022-05,GR,3.9754,9.4181,278.2342,137.6207,92.4463,158.2832,1.2079,114.4929
2022-06,GR,3.8032,10.121,288.009,136.0273,98.3439,157.0071,1.2063,115.7435
2022-07,GR,4.1766,10.9927,292.7102,138.6389,101.3625,156.9314,1.2062,116.8269
2022-08,GR,3.6595,11.9074,298.0461,139.7083,103.0837,155.5341,1.2076,116.3022
2022-09,GR,3.1799,12.3294,305.6812,142.5989,109.0917,158.5393,1.2114,115.3624
2022-10,GR,3.1352,13.1191,309.1563,143.7294,108.8185,163.633,1.2095,119.3153
2022-11,GR,2.6595,12.4601,312.3439,144.6755,106.3881,185.5298,1.2082,121.5595
2022-12,GR,2.3608,11.4431,315.2368,146.2125,110.5072,177.7301,1.2099,121.0828
2023-01,GR,1.9967,10.4788,319.6133,147.808,106.356,164.4719,1.2108,121.1738
2023-02,GR,1.5082,9.8092,332.9765,148.3317,105.1657,167.0295,1.2136,122.2302
2023-03,GR,1.1502,9.1723,346.8474,148.3941,108.3492,170.3562,1.2149,121.8251
2023-04,GR,1.0695,8.5649,355.41,151.287,111.557,170.2445,1.2145,121.9813
2023-05,GR,1.5659,7.7396,364.2777,153.3645,112.801,171.0975,1.2177,121.4078
2023-06,GR,2.1262,6.9647,362.7786,153.6719,114.4921,174.1932,1.2201,121.7604
2023-07,GR,2.0656,6.171,373.979,156.2563,112.9081,179.5204,1.2182,120.91
2023-08,GR,1.6311,5.7161,379.4432,155.8637,112.2497,178.7423,1.2143,122.623
2023-09,GR,1.8439,5.4557,393.9951,155.0893,113.3956,179.8924,1.2174,122.7156
2023-10,GR,2.1017,5.1811,409.4936,157.2419,113.6166,177.9843,1.2174,123.8012
2023-11,GR,1.87,4.8299,417.2769,161.6377,111.2906,210.6525,1.2203,125.3252
2023-12,GR,1.7336,4.502,432.9114,161.8566,110.2247,202.8888,1.2193,126.2761
2024-01,GR,1.2749,4.0592,438.669,164.8672,115.936,185.7012,1.2202,124.9196
2024-02,GR,1.0567,3.9704,452.9722,167.6787,119.3825,186.3608,1.2208,126.0507
2024-03,GR,1.2165,3.7131,454.3968,166.0808,117.5828,188.9318,1.2253,127.2923
2024-04,GR,0.6191,3.403,453.8921,164.6594,120.7163,197.6903,1.2259,127.092
2024-05,GR,1.1197,3.2716,468.8067,165.0498,121.9778,199.7525,1.2253,125.9834
2024-06,GR,1.1625,3.4431,477.2806,164.1847,121.6752,193.5154,1.2274,128.7547
2024-07,GR,1.7784,3.2383,489.5164,166.1152,121.5049,193.734,1.2316,128.4553
2024-08,GR,2.1902,3.0035,509.7014,167.5375,122.0937,194.7409,1.2364,128.478
2024-09,GR,1.953,2.8438,515.5794,171.378,120.9922,193.785,1.2389,129.5149
2024-10,GR,2.2891,2.9663,529.5087,172.465,125.2098,199.9775,1.237,128.9301
2024-11,GR,2.0939,2.6757,547.3932,175.3579,127.0975,230.1926,1.2356,127.2303
2024-12,GR,2.2389,2.7156,564.2436,178.8395,128.7596,225.6373,1.2351,129.2844
2025-01,GR,2.1971,2.5526,573.6018,179.9693,129.4327,205.738,1.239,131.0971
2025-02,GR,1.7784,2.6122,579.503,181.9587,130.2066,211.4239,1.2385,131.9317
2025-03,GR,1.3753,2.6172,580.3383,183.1914,130.6989,211.4774,1.2401,131.5587
2025-04,GR,1.1379,2.5752,587.0112,183.2428,125.6155,212.1518,1.2404,132.6097
2025-05,GR,1.3337,2.7847,602.2346,181.8766,121.9549,214.6627,1.2389,130.2517
2025-06,GR,1.2477,2.5302,625.3308,182.5684,127.2741,216.2183,1.2408,130.0456
2025-07,GR,1.2927,2.5543,637.8784,186.704,131.4425,219.5716,1.2435,132.7597
2025-08,GR,1.7675,2.2676,656.7922,190.0537,133.3235,230.3505,1.2414,133.4902
2025-09,GR,1.387,2.5683,664.7831,190.1119,137.9442,226.4558,1.2441,137.6912
2025-10,GR,1.84,2.7186,680.9414,194.2051,135.3889,218.3069,1.2482,134.9191
2025-11,GR,1.2955,2.5848,693.7944,199.2708,136.3414,252.0079,1.2485,133.0067
2025-12,GR,1.3378,2.493,715.008,198.5888,131.5554,246.3531,1.2479,134.2835
2026-01,GR,1.4166,2.2239,732.4261,195.8601,132.306,227.7896,1.2472,136.8897
2026-02,GR,0.8057,2.1047,738.8508,196.997,130.5318,225.5361,1.2495,136.4984
2026-03,GR,1.6689,2.2778,766.4771,200.3866,132.8393,227.6735,1.2539,137.2566
2026-04,GR,2.0563,2.3954,774.3907,201.3957,129.3916,233.3834,1.2508,136.0576
2026-05,GR,1.7289,2.4406,816.6826,204.4137,137.0791,232.615,1.252,137.0187
2026-06,GR,1.9328,2.1271,839.4375,206.2026,140.5596,234.9341,1.2549,140.6647
2019-01,HR,2.314,2.0043,102.1985,99.6116,106.5438,99.5515,1.0901,100.893
2019-02,HR,2.0938,1.6975,102.7086,101.4057,107.7551,99.0093,1.0923,100.8678
2019-03,HR,2.2358,1.6111,104.7958,102.0346,107.0239,98.8059,1.0918,101.1046
2019-04,HR,2.5579,1.7856,107.0373,103.8142,109.1423,100.1743,1.0908,102.3849
2019-05,HR,2.2036,1.7885,109.6863,104.237,108.0414,103.5511,1.0957,102.0062
2019-06,HR,2.2412,1.6642,110.7659,105.1844,108.7693,106.2832,1.094,102.4645
2019-07,HR,1.7977,1.6594,113.1,104.8859,106.0586,107.8978,1.0965,102.041
2019-08,HR,1.7261,1.1653,117.8028,106.3425,105.384,106.7027,1.0972,104.3864
2019-09,HR,1.8544,0.9223,123.3106,107.4634,105.358,106.8172,1.1005,103.4425
2019-10,HR,2.2902,0.7283,126.5117,107.8155,107.4071,107.8368,1.1046,104.7365
2019-11,HR,1.7858,0.8386,129.4261,109.3595,107.1182,126.0665,1.1057,105.6451
2019-12,HR,1.4975,0.6219,133.5111,110.4783,108.3763,120.8677,1.1046,106.077
2020-01,HR,1.5952,0.4961,133.9265,110.6044,108.3163,114.0205,1.1069,105.7678
2020-02,HR,1.6229,0.0901,134.9782,111.4074,101.2422,112.6137,1.1083,106.5618
2020-03,HR,-3.4155,0.0007,138.4884,111.3144,45.984,128.7892,1.1043,107.2647
2020-04,HR,-8.5213,-0.2391,157.6714,111.8101,9.4019,141.2787,1.1027,106.8843
2020-05,HR,-13.578,-0.0165,160.1807,113.1974,11.8266,154.3903,1.1041,106.538
2020-06,HR,-12.2058,0.1804,160.8703,113.7319,14.4492,154.2339,1.1057,107.647
2020-07,HR,-10.8514,0.4519,164.2972,113.7836,28.2464,154.6388,1.1078,108.9577
2020-08,HR,-9.4303,0.7738,168.1955,114.6606,41.3165,156.7783,1.1073,108.4337
2020-09,HR,-8.1166,1.135,176.3701,115.385,33.5676,153.3988,1.1106,107.7939
2020-10,HR,-6.6061,1.2459,181.6845,118.1186,25.7962,152.6545,1.112,107.069
2020-11,HR,-5.1924,1.3061,185.9646,119.7265,23.9478,180.0264,1.1142,105.5905
2020-12,HR,-4.0089,1.4597,188.6169,119.6103,22.1882,172.1609,1.1128,104.6339
2021-01,HR,-1.5518,1.7736,188.8884,121.1951,20.3809,161.2848,1.1121,104.5539
2021-02,HR,0.4199,2.382,190.9993,120.7243,17.9707,155.438,1.1147,106.151
2021-03,HR,2.817,2.6781,197.8663,122.844,23.281,155.4228,1.1167,107.7651
2021-04,HR,5.1595,2.8881,205.7947,123.0562,29.0209,157.4991,1.1188,109.4663
2021-05,HR,7.3204,3.1683,211.1489,124.8727,33.8047,159.9401,1.1188,111.9429
2021-06,HR,9.3073,3.7394,214.9418,126.4756,43.1847,158.5501,1.1206,112.7678
2021-07,HR,8.9666,4.1619,216.6489,127.794,56.822,157.4224,1.1229,112.1927
2021-08,HR,8.4815,4.6219,222.5892,129.0313,66.5193,155.4359,1.1232,112.0831
2021-09,HR,7.4921,5.0026,226.365,130.2937,63.0623,157.7964,1.1198,111.2097
2021-10,HR,7.2357,5.8937,234.6566,130.2671,62.1296,151.7775,1.1217,111.6987
2021-11,HR,6.4418,6.4677,236.2239,132.7912,57.5458,182.8012,1.1234,111.3198
2021-12,HR,6.5384,6.761,242.7164,133.0435,64.4753,172.8732,1.1255,112.3274
2022-01,HR,5.5503,7.1111,247.7463,133.7286,69.3815,157.8192,1.1308,111.6187
2022-02,HR,5.6093,7.777,248.4653,134.2855,76.5511,155.3191,1.1277,112.7273
2022-03,HR,5.7707,8.6607,259.612,135.3198,85.5427,156.2685,1.1251,115.1464
2022-04,HR,5.0887,9.3983,267.3298,139.3054,91.7993,159.2733,1.1269,116.2639
2022-05,HR,4.6611,9.9826,272.5409,138.8951,97.5598,164.0947,1.133,117.2126
2022-06,HR,4.3344,10.717,283.0764,140.2164,99.6151,159.2268,1.1322,116.9163
2022-07,HR,4.0144,11.1124,291.9101,140.3954,103.4284,161.5643,1.1312,116.5093
2022-08,HR,3.7302,11.7521,296.4573,140.6481,104.4975,157.214,1.1339,115.2192
2022-09,HR,3.0245,12.6015,302.2466,141.7409,108.8521,161.1485,1.1342,115.9673
2022-10,HR,2.8012,13.2444,305.0208,143.5487,113.3648,161.1072,1.1381,114.7644
2022-11,HR,2.226,12.3426,316.7197,146.2103,110.243,185.8129,1.138,117.5322
2022-12,HR,2.1341,11.4638,318.7251,145.8074,113.1267,179.069,1.1399,118.865
2023-01,HR,2.9511,10.368,325.2443,148.0372,111.3589,160.3974,1.1377,119.6259
2023-02,HR,2.7642,9.4244,335.7391,148.3823,110.8146,167.857,1.1416,120.1013
2023-03,HR,2.1567,8.9876,341.7213,150.2788,109.4364,166.623,1.1424,121.6781
2023-04,HR,1.901,8.0722,357.6417,151.3551,111.565,164.5435,1.1426,122.911
2023-05,HR,1.588,7.4579,360.6823,154.4373,114.2909,166.7763,1.1444,122.9352
2023-06,HR,1.7372,6.5937,367.8633,155.9244,113.2527,168.1346,1.1441,121.8537
2023-07,HR,2.1123,6.1235,380.439,156.531,117.5841,171.0043,1.1471,122.7146
2023-08,HR,1.6161,5.5384,406.2752,157.591,114.9626,174.3464,1.1479,124.655
2023-09,HR,1.6193,5.1095,410.5919,157.0273,112.0112,177.2811,1.1492,125.319
2023-10,HR,1.408,4.6979,406.7204,155.6946,116.7756,178.9814,1.1483,124.8702
2023-11,HR,1.1749,4.6462,414.3105,158.2675,116.885,208.6567,1.1479,124.6416
2023-12,HR,1.5644,4.0264,416.8206,160.7149,118.3646,204.398,1.1513,123.7392
2024-01,HR,1.9165,3.7181,424.2804,160.2421,120.1755,190.5722,1.1497,123.9262
2024-02,HR,2.5714,3.4479,439.6736,163.7533,119.9955,195.3381,1.1511,124.5936
2024-03,HR,2.0539,3.6079,459.1063,161.6194,118.0404,193.9809,1.1546,124.9413
2024-04,HR,2.0445,3.255,461.1768,162.1899,120.3218,192.3413,1.1569,125.3479
2024-05,HR,2.0061,3.2576,462.9428,163.1547,116.9251,192.4477,1.158,124.8396
2024-06,HR,1.8482,3.2581,474.7055,163.6261,116.4591,192.4674,1.1578,124.0026
2024-07,HR,1.4895,3.3925,479.111,167.0603,114.8698,193.4323,1.1623,125.3279
2024-08,HR,2.1592,2.8645,497.6775,168.0585,119.51,195.3344,1.1641,126.0599
2024-09,HR,1.8765,2.4505,501.7712,170.3661,119.5448,195.3,1.158,127.612
2024-10,HR,2.0715,2.5037,521.6697,170.882,121.6779,200.5356,1.1603,129.4184
2024-11,HR,1.8943,2.5806,540.5937,173.0321,122.1175,232.7695,1.1628,130.433
2024-12,HR,2.2415,2.5471,549.8101,177.2772,122.5478,221.7755,1.1645,129.1165
2025-01,HR,1.8136,2.5642,572.2874,178.5593,124.0078,200.7895,1.1649,128.3107
2025-02,HR,2.2182,2.6081,578.1597,179.2994,122.8813,204.884,1.1617,129.3212
2025-03,HR,2.5304,2.5095,584.2704,180.9681,121.4619,202.047,1.1634,131.9534
2025-04,HR,2.5913,2.5497,597.9765,183.2601,120.4405,208.2043,1.1678,134.6708
2025-05,HR,2.1544,2.3963,626.1616,185.2225,122.0087,203.5559,1.1679,133.8091
2025-06,HR,1.5424,2.5066,646.7859,186.4997,122.7067,204.5106,1.1673,134.2088
2025-07,HR,1.6884,2.6613,653.6777,185.7207,120.3273,213.3617,1.1678,137.1779
2025-08,HR,2.0725,2.7692,658.763,190.1767,124.02,218.1993,1.1684,136.2011
2025-09,HR,1.7981,2.6817,673.8044,190.7104,128.102,220.026,1.1717,136.477
2025-10,HR,1.9775,2.951,689.7151,195.3189,126.631,222.1123,1.1772,136.1227
2025-11,HR,2.4475,2.7333,705.1031,194.8759,124.5693,257.3597,1.177,139.3153
2025-12,HR,1.9416,2.6706,715.6738,199.2603,124.8238,247.8048,1.1757,139.8982
2026-01,HR,2.2508,2.2473,742.1173,200.3199,128.1651,231.8963,1.1758,140.0321
2026-02,HR,2.3587,2.1408,752.6047,198.5874,128.8523,233.4961,1.1772,138.3041
2026-03,HR,2.3525,2.039,791.6036,199.6793,130.9836,231.3786,1.1772,137.4426
2026-04,HR,2.1112,2.2325,793.6749,203.6354,130.8518,233.9021,1.1755,139.5146
2026-05,HR,2.6261,2.3881,822.0886,205.6922,128.9297,239.1111,1.1792,140.704
2026-06,HR,3.1926,2.6396,835.0406,207.63,134.0257,241.7257,1.1783,141.2159
2019-01,HU,2.1484,2.0256,100.8972,100.57,98.9955,102.5579,1.1895,99.4662
2019-02,HU,2.1902,1.7721,105.1316,101.5847,99.766,101.6705,1.1898,101.4077
2019-03,HU,2.3924,1.6079,107.8938,102.2837,98.3612,103.8711,1.1886,103.3198
2019-04,HU,2.0659,1.8468,108.79,102.3949,98.1011,102.8841,1.1892,104.8382
2019-05,HU,1.4999,1.4748,113.2081,103.0365,99.4933,103.3353,1.1897,104.4828
2019-06,HU,1.815,1.4291,113.4932,103.7271,100.0142,103.8024,1.1956,103.2349
2019-07,HU,1.9693,1.1864,114.7704,105.2142,99.7879,106.5837,1.1986,103.363
2019-08,HU,1.5657,1.0832,116.3094,106.281,98.4634,104.8073,1.1967,102.0831
2019-09,HU,1.7771,1.3408,120.6441,106.5868,100.8909,108.1477,1.1969,102.9129
2019-10,HU,1.4691,1.0989,121.5553,107.7523,100.8152,112.0049,1.1974,102.0278
2019-11,HU,1.8735,0.7104,122.0261,108.869,102.2892,131.0512,1.1996,103.2173
2019-12,HU,0.98,0.573,125.3733,110.6488,103.8197,126.2858,1.2012,104.337
2020-01,HU,1.5857,0.6232,129.0345,111.8117,101.9205,116.1086,1.202,104.951
2020-02,HU,1.9156,0.5449,133.2248,111.0744,95.3846,116.4602,1.2012,106.1275
2020-03,HU,-2.7949,0.4374,136.2078,111.8502,43.7839,131.2164,1.2003,105.5341
2020-04,HU,-7.8172,0.1105,155.71,112.6684,8.9822,143.3093,1.2035,106.4718
2020-05,HU,-12.63,-0.2166,157.3785,112.4173,11.2097,160.5478,1.2036,106.037
2020-06,HU,-11.3577,0.3468,159.0358,113.4567,13.8127,161.0787,1.2051,106.0108
2020-07,HU,-9.8089,0.4235,164.8634,114.4051,26.5258,162.3974,1.2059,105.8877
2020-08,HU,-8.8014,0.5263,169.1325,116.4362,37.5849,162.5131,1.2042,106.7496
2020-09,HU,-7.3826,0.6077,174.6229,117.4636,31.0632,161.0019,1.2077,108.2063
2020-10,HU,-6.5849,0.5815,177.3709,118.4638,23.931,165.4595,1.2107,110.1585
2020-11,HU,-5.0196,0.9443,181.7044,119.0181,22.5885,191.8434,1.2106,110.3313
2020-12,HU,-3.0281,1.0006,181.9006,119.8113,21.067,173.4282,1.2148,112.5206
2021-01,HU,-1.1622,1.3529,185.3627,120.1547,19.2054,157.9998,1.2172,113.6565
2021-02,HU,0.6613,1.8217,189.2463,122.8619,16.9124,156.7312,1.214,113.9302
2021-03,HU,2.6433,2.2468,197.5111,124.5498,21.8902,156.4419,1.2179,112.4119
2021-04,HU,4.5303,2.6939,204.1269,123.221,26.3298,153.5461,1.2198,111.0425
2021-05,HU,6.7119,2.9177,213.4444,125.6338,30.6989,152.5106,1.2171,111.3877
2021-06,HU,8.8633,3.4096,214.7045,125.5887,41.4091,155.0423,1.2182,112.2821
2021-07,HU,8.8704,4.2942,218.5469,127.8397,51.4316,157.2248,1.2215,110.7747
2021-08,HU,8.3735,4.604,226.2392,128.502,62.2703,158.3585,1.2226,111.0259
2021-09,HU,7.8279,5.1005,232.6914,128.4557,57.9555,162.2599,1.2259,111.8467
2021-10,HU,7.3803,5.5715,237.5591,129.7763,58.317,160.3955,1.2267,113.6109
2021-11,HU,6.5732,5.9767,244.8555,128.986,55.7593,185.1403,1.2245,113.2347
2021-12,HU,6.281,6.7918,245.2864,131.1158,58.0758,170.7885,1.2294,112.8196
2022-01,HU,6.3538,7.6418,254.7434,132.5372,63.3652,157.5858,1.2303,113.2648
2022-02,HU,5.5037,8.2578,260.6202,134.6859,68.0471,159.6989,1.2298,114.5595
2022-03,HU,5.4883,8.5564,262.6035,135.0369,74.4816,158.0546,1.2358,115.851
2022-04,HU,4.6612,9.0112,267.4569,134.9523,83.2231,157.7793,1.2323,115.1052
2022-05,HU,4.6047,9.9637,273.4267,137.5426,88.1879,160.7028,1.2325,115.9236
2022-06,HU,4.2539,10.4689,280.7362,139.1572,95.4275,161.6432,1.2364,117.7654
2022-07,HU,3.5746,11.2816,288.1995,138.36,99.0011,163.226,1.2363,117.727
2022-08,HU,3.0182,12.0251,293.0745,139.9546,100.9955,167.2131,1.2356,117.6525
2022-09,HU,2.9659,12.4175,300.9184,140.9777,104.445,165.2314,1.2397,118.5284
2022-10,HU,2.5999,12.7959,312.4514,140.4143,105.1615,168.0,1.2368,118.7818
2022-11,HU,2.1298,12.117,320.6723,142.7918,105.9038,191.6843,1.2345,119.8218
2022-12,HU,2.4535,11.3271,318.0219,146.441,108.835,186.1389,1.2404,121.6895
2023-01,HU,2.4467,10.1462,323.7551,147.4554,108.48,166.5545,1.2427,121.4514
2023-02,HU,2.1709,9.5252,338.0931,148.5494,110.1279,169.4629,1.2451,121.2202
2023-03,HU,1.6122,8.8837,347.1174,147.5924,108.7208,169.391,1.2452,120.6052
2023-04,HU,1.2071,8.2702,352.2174,147.3764,111.8978,169.1173,1.2491,121.9267
2023-05,HU,1.0162,7.4763,357.4783,148.9469,108.7847,169.5935,1.246,123.8653
2023-06,HU,0.7042,6.2011,373.224,149.4939,112.6168,171.3637,1.248,122.8609
2023-07,HU,0.2881,6.1652,373.5493,153.9432,113.6962,170.3816,1.2474,122.4936
2023-08,HU,0.8559,5.5231,385.2831,157.1929,114.9962,173.327,1.2514,123.1838
2023-09,HU,0.9108,4.9788,388.0046,156.831,111.8149,176.2168,1.2519,122.1989
2023-10,HU,1.6038,5.0071,399.5859,159.5312,113.5061,177.965,1.2543,123.8299
2023-11,HU,1.358,4.6564,399.6674,160.9772,112.6359,209.539,1.257,124.3214
2023-12,HU,1.9657,4.239,411.2242,162.5249,111.5721,204.8257,1.2589,124.5822
2024-01,HU,1.9885,3.9655,430.9884,162.8097,113.1363,185.1607,1.2595,126.2026
2024-02,HU,2.119,3.3616,438.2821,163.1724,113.1592,186.1518,1.2591,126.6006
2024-03,HU,2.0449,3.4315,455.0276,164.1923,113.0969,185.1036,1.2611,129.0867
2024-04,HU,2.7694,3.3374,453.0287,165.3561,113.6009,183.274,1.2623,128.1846
2024-05,HU,3.2189,3.0558,455.4347,167.3262,114.427,186.2282,1.2636,129.9916
2024-06,HU,2.9399,3.0302,469.8738,168.7758,113.5885,189.6969,1.266,131.6367
2024-07,HU,2.9661,2.726,486.6096,170.6382,116.5531,195.8973,1.2658,130.1321
2024-08,HU,3.031,2.4309,501.1425,172.7513,114.5268,198.4446,1.2653,129.811
2024-09,HU,2.4547,2.6834,514.7056,175.4511,113.6251,202.1004,1.2673,130.9923
2024-10,HU,1.7147,2.6783,523.6255,173.922,109.7913,208.3908,1.2667,131.4513
2024-11,HU,2.329,2.5528,531.0593,173.7493,113.4688,239.074,1.269,134.0786
2024-12,HU,2.0402,2.4145,544.101,174.1649,122.734,234.5243,1.2681,133.6418
2025-01,HU,2.3349,2.564,551.5698,179.1402,122.8773,216.1908,1.2694,133.7175
2025-02,HU,1.7153,2.6139,569.2541,180.7459,115.6416,215.1891,1.2722,134.5126
2025-03,HU,2.2584,2.7046,587.9962,180.833,117.341,217.5287,1.2779,133.1509
2025-04,HU,1.9618,2.4977,608.4906,180.2228,115.0292,220.003,1.2786,131.8403
2025-05,HU,2.5642,2.862,625.6038,181.1994,115.1053,220.844,1.2787,132.9913
2025-06,HU,2.4116,2.8835,637.7418,185.1299,115.2696,223.4034,1.278,136.847
2025-07,HU,2.2683,2.5348,646.4424,187.2666,116.8621,221.7541,1.2767,133.9992
2025-08,HU,3.2183,2.9158,664.7985,189.1221,115.4993,222.0192,1.2745,134.8592
2025-09,HU,2.6245,2.8219,670.108,191.6563,113.5122,219.3696,1.2762,135.8955
2025-10,HU,2.1162,2.5705,682.8293,193.6751,112.1604,221.3143,1.2776,135.2129
2025-11,HU,2.2482,2.7322,686.3761,193.6269,112.8106,261.1722,1.2785,133.2004
2025-12,HU,2.2655,2.7977,696.7511,192.5916,117.5842,247.9066,1.2818,135.5414
2026-01,HU,2.081,2.6963,730.0688,194.5755,120.8007,229.8511,1.2851,133.6346
2026-02,HU,2.1442,3.016,749.0257,195.9244,121.8301,224.9417,1.2871,134.3437
2026-03,HU,2.0957,2.98,784.3457,199.3389,122.6032,224.317,1.2883,136.398
2026-04,HU,1.7379,2.6931,795.0802,202.481,124.2128,230.6325,1.2912,137.8155
2026-05,HU,1.8596,2.6512,790.8146,204.3398,128.6085,230.9358,1.2938,136.5964
2026-06,HU,2.3173,2.7836,827.4507,207.1319,128.7781,236.8106,1.2915,135.4573
2019-01,IT,1.5718,1.879,100.3963,100.7685,105.8977,101.2839,1.4899,99.5873
2019-02,IT,1.8522,1.5676,101.8349,100.8633,105.738,102.2076,1.495,97.0593
2019-03,IT,1.5468,1.2446,103.9693,100.8751,103.4037,101.1234,1.4939,97.702
2019-04,IT,1.1074,1.2958,104.5521,101.8694,105.1066,103.0788,1.494,99.8228
2019-05,IT,1.46,1.3785,108.498,102.653,103.5151,102.4268,1.4944,100.806
2019-06,IT,1.2448,1.3075,109.6459,102.9354,102.6293,101.5211,1.4927,101.6773
2019-07,IT,1.4882,1.3194,112.961,103.1074,105.5238,106.157,1.4983,101.2547
2019-08,IT,1.6735,0.8787,116.341,103.3753,104.9087,109.0339,1.4989,101.5919
2019-09,IT,1.1119,0.6723,117.1265,103.7829,104.3829,108.8909,1.5024,100.7919
2019-10,IT,0.6134,0.8533,117.2304,106.1645,105.396,108.0596,1.507,101.009
2019-11,IT,1.2196,0.4203,121.4651,106.6349,107.9284,129.3866,1.5062,100.6999
2019-12,IT,0.5716,0.6675,126.9668,108.3054,109.926,121.6556,1.5071,100.2568
2020-01,IT,-0.1352,0.8464,130.0566,108.2412,111.7681,111.1129,1.5053,100.1538
2020-02,IT,0.1611,0.6512,130.3876,107.9254,104.9627,112.1701,1.5087,100.6399
2020-03,IT,-4.1236,0.3337,131.4294,108.656,46.3,127.6949,1.5071,101.3585
2020-04,IT,-9.2693,0.3143,146.6564,109.4122,9.8258,142.8356,1.5105,103.3025
2020-05,IT,-14.3448,0.2398,151.3462,108.6834,12.7939,153.6191,1.5122,103.6929
2020-06,IT,-12.8561,0.1145,156.2987,108.9599,14.9074,153.7284,1.5142,103.7462
2020-07,IT,-11.0584,0.2204,159.1122,110.4731,27.3537,153.177,1.5148,105.2691
2020-08,IT,-10.2872,0.4048,162.2594,113.4728,39.9741,154.3173,1.522,105.2152
2020-09,IT,-8.6651,0.5896,162.385,113.4098,32.3227,156.7053,1.5289,104.3303
2020-10,IT,-6.9964,0.7851,166.4445,115.578,25.0004,156.9925,1.5265,107.5713
2020-11,IT,-5.069,0.8618,168.6526,115.8176,22.9673,175.1276,1.5283,108.0503
2020-12,IT,-4.1928,0.8716,169.0121,117.5473,21.3148,172.2882,1.5256,107.0302
2021-01,IT,-1.5566,1.1195,170.3616,119.7234,19.1954,157.0935,1.5254,106.6171
2021-02,IT,0.8096,1.4925,174.5924,120.9016,17.6037,159.1403,1.5225,108.4883
2021-03,IT,2.4759,2.079,180.5108,120.3904,22.9368,160.1963,1.527,106.6517
2021-04,IT,4.1517,2.136,181.2449,121.0237,28.6218,160.1594,1.5325,107.033
2021-05,IT,6.4735,2.4657,184.0117,122.0287,34.1271,161.7807,1.5305,108.529
2021-06,IT,8.6843,2.7374,190.4032,123.164,43.6686,160.9808,1.5302,108.2761
2021-07,IT,8.6007,3.3287,190.7685,123.7326,54.5345,157.0227,1.5289,108.4206
2021-08,IT,7.7165,3.378,193.3652,123.9226,67.273,157.8889,1.5325,109.8906
2021-09,IT,6.8884,3.8239,197.5933,124.4915,62.671,157.0286,1.5326,110.1391
2021-10,IT,6.4679,4.0225,201.8845,125.3592,60.4791,158.8002,1.533,110.4645
2021-11,IT,5.2871,4.5526,209.9611,126.0968,59.9121,182.4783,1.536,109.9599
2021-12,IT,4.8204,4.9164,214.0493,127.1898,64.038,169.8517,1.54,111.786
2022-01,IT,4.1064,5.5966,220.922,127.8594,68.5681,159.8132,1.5394,111.1653
2022-02,IT,4.488,6.1377,225.3316,129.0289,73.6546,157.372,1.5391,109.1867
2022-03,IT,3.9974,6.3765,228.8118,130.2929,79.8381,158.3062,1.5388,110.639
2022-04,IT,3.6001,6.8061,233.0217,131.1143,86.4706,156.5849,1.5432,113.1754
2022-05,IT,3.4415,7.5791,239.2149,131.2483,91.322,158.8613,1.549,112.1141
2022-06,IT,3.0538,7.8647,245.3273,130.1015,97.4096,157.6747,1.5487,113.0304
2022-07,IT,2.3904,8.4985,252.607,130.8934,99.495,162.1151,1.5477,113.4125
2022-08,IT,1.9566,8.8383,256.9326,131.5098,103.6077,162.8761,1.5502,112.3467
2022-09,IT,1.9151,9.3833,257.9851,133.1451,103.0894,167.8231,1.5511,111.4441
2022-10,IT,2.1091,10.0825,262.4976,133.8965,101.5586,165.7219,1.553,111.6753
2022-11,IT,1.5332,9.5291,265.9206,137.4431,105.4897,193.989,1.5578,112.5179
2022-12,IT,1.4894,9.0306,272.6443,136.9679,108.4312,187.6167,1.5591,113.6734
2023-01,IT,1.4751,8.3268,272.1518,136.2123,109.2098,174.4665,1.5615,114.3039
2023-02,IT,1.4426,7.8815,275.1263,137.2942,111.8283,173.9965,1.5623,114.2221
2023-03,IT,1.0306,7.1951,283.6005,138.8763,112.2223,170.2336,1.5647,114.8822
2023-04,IT,0.8783,6.5759,291.1305,141.1025,114.522,168.238,1.5635,115.6542
2023-05,IT,0.6661,6.1883,300.5468,140.3982,116.3588,169.9854,1.5638,115.8436
2023-06,IT,0.2859,5.532,300.7002,142.3817,121.9457,173.2825,1.5652,118.4299
2023-07,IT,-0.3301,5.1992,308.0126,142.7095,119.5872,169.2087,1.5641,118.73
2023-08,IT,-0.067,4.8793,310.2333,142.9511,119.3075,173.4654,1.5666,116.8534
2023-09,IT,-0.5274,4.4622,317.9981,142.8019,116.1309,175.0821,1.5662,117.912
2023-10,IT,-0.4684,4.5432,318.1088,145.6174,112.5763,177.4234,1.5688,116.0722
2023-11,IT,-0.0047,3.8865,323.7067,147.2731,115.0584,213.9374,1.5717,115.514
2023-12,IT,0.4069,3.4963,329.1462,150.4092,114.83,202.2167,1.5721,118.0066
2024-01,IT,0.4003,3.1682,343.0162,148.1442,121.8327,187.633,1.5714,117.9663
2024-02,IT,0.4267,2.9773,354.8401,148.1722,125.4974,185.1698,1.5755,118.0358
2024-03,IT,0.4825,2.888,362.7772,149.0905,126.2035,186.2987,1.5789,118.0791
2024-04,IT,0.5907,2.8658,364.3977,150.1425,122.6352,192.698,1.5832,120.3067
2024-05,IT,0.6284,2.9504,362.6373,153.032,122.3172,191.1838,1.5849,119.7128
2024-06,IT,1.0394,2.9543,372.6882,151.089,124.2842,193.0862,1.5817,119.5402
2024-07,IT,1.9258,2.7637,389.2242,152.0156,121.9553,197.5015,1.5783,120.3621
2024-08,IT,2.1341,2.5253,396.265,154.4119,124.6675,201.7347,1.5789,118.9186
2024-09,IT,1.3449,2.3285,409.077,155.9041,121.6969,207.2925,1.5825,120.0355
2024-10,IT,1.2877,2.3711,418.6156,158.6594,126.2988,206.915,1.5846,118.8963
2024-11,IT,1.3013,2.043,419.5336,159.1122,123.7007,240.0184,1.5862,118.9013
2024-12,IT,1.7147,2.1202,426.4814,159.4447,122.7509,239.3584,1.5906,119.4402
2025-01,IT,1.2648,2.55,432.9596,164.0538,125.148,211.7709,1.5913,120.1463
2025-02,IT,1.2912,2.4621,448.2842,165.1827,123.9224,211.0657,1.5947,120.5073
2025-03,IT,1.749,2.3254,462.2833,164.9795,124.6133,210.1782,1.5976,120.3488
2025-04,IT,1.5571,2.2452,473.8407,166.0907,121.2243,206.6507,1.5962,120.7476
2025-05,IT,1.0637,2.414,480.3843,164.153,123.2403,205.2491,1.5987,122.51
2025-06,IT,1.1556,2.3047,481.9806,166.106,126.4442,205.6299,1.5996,122.1722
2025-07,IT,1.3878,2.6425,489.0876,168.6763,126.8951,210.2534,1.6005,122.3881
2025-08,IT,0.9383,2.692,499.4622,167.9602,126.3434,214.865,1.604,121.6021
2025-09,IT,1.5678,2.3812,512.636,169.3721,130.4469,218.6423,1.6038,122.3344
2025-10,IT,2.0061,2.0395,523.5654,171.1761,132.9246,222.662,1.6044,122.0058
2025-11,IT,2.0475,2.164,538.0168,174.5903,132.6285,258.621,1.6063,122.3445
2025-12,IT,2.2415,2.0017,540.0851,176.7149,134.3604,247.2225,1.6054,122.4563
2026-01,IT,2.2012,2.139,541.9795,176.326,128.5493,228.0421,1.6057,123.6975
2026-02,IT,2.5002,2.0933,546.703,173.8678,132.4443,228.9673,1.6084,123.6505
2026-03,IT,2.1478,2.0333,547.103,176.58,130.4006,230.9453,1.6096,123.6905
2026-04,IT,2.0316,1.8795,552.1359,175.8938,130.5646,237.2102,1.6152,124.0879
2026-05,IT,2.0442,1.9901,557.2846,177.9894,133.6793,239.8522,1.6173,124.7393
2026-06,IT,1.4833,2.0467,575.1697,177.1562,128.7131,238.6054,1.6182,125.4153
2019-01,NL,2.3247,1.5985,97.8385,99.0029,102.2346,99.7072,1.2539,99.8392
2019-02,NL,1.9848,1.6445,102.4278,99.537,97.2863,100.02,1.2523,100.1401
2019-03,NL,1.6201,1.5875,104.2905,99.6897,97.1804,98.3233,1.2507,100.78
2019-04,NL,1.4067,1.5022,106.9925,99.9863,98.2879,101.5093,1.2537,102.5565
2019-05,NL,1.2954,1.5802,107.8488,100.8822,99.7573,104.1785,1.2573,103.1572
2019-06,NL,1.5213,1.5279,108.4204,101.6704,101.155,102.7404,1.2581,101.5636
2019-07,NL,1.0191,1.5463,111.8403,101.8941,101.605,103.912,1.2579,103.1888
2019-08,NL,0.8685,0.9382,113.69,103.8075,102.1157,104.5514,1.2562,104.3704
2019-09,NL,1.0144,1.0127,115.156,103.7066,104.0719,106.542,1.2576,103.4448
2019-10,NL,1.2996,0.735,118.4492,104.9475,104.8221,108.7473,1.2605,105.0847
2019-11,NL,1.0545,0.8059,120.8857,106.5145,103.9422,125.802,1.2586,104.8021
2019-12,NL,1.5578,0.951,123.0214,106.6587,100.7242,120.9442,1.261,106.1424
2020-01,NL,1.6953,0.7433,124.1327,108.7461,100.5498,112.1393,1.2605,104.8609
2020-02,NL,0.9913,0.8124,130.3685,109.323,97.5191,112.7429,1.2627,105.7334
2020-03,NL,-3.6405,0.4725,131.1138,108.9325,44.2295,125.7745,1.2621,106.3769
2020-04,NL,-8.5127,0.119,149.035,111.0726,9.2592,138.8912,1.2646,107.4718
2020-05,NL,-13.3177,-0.1004,150.3238,110.5587,11.4625,152.4081,1.2614,105.8341
2020-06,NL,-11.9596,-0.0693,153.8269,109.7489,14.6802,149.4561,1.2618,104.0129
2020-07,NL,-10.4811,0.202,159.7828,110.6271,26.6004,149.9163,1.2698,105.6939
2020-08,NL,-9.2008,0.7086,163.5135,111.7223,38.0263,152.0865,1.2749,106.3049
2020-09,NL,-7.9021,0.8574,166.3919,111.7261,30.6708,153.7721,1.2726,106.8576
2020-10,NL,-7.1437,1.262,167.7403,114.8416,23.8162,156.7521,1.2678,106.165
2020-11,NL,-5.3199,0.9437,170.2768,116.1334,22.1596,185.3511,1.2701,105.2489
2020-12,NL,-3.8986,1.138,171.2216,116.5328,20.916,177.171,1.2722,105.4225
2021-01,NL,-1.8018,1.17,173.2268,115.5584,18.8031,158.1471,1.2754,106.5578
2021-02,NL,0.1935,1.5916,181.3001,116.1303,16.9605,155.5324,1.2766,105.4501
2021-03,NL,2.1514,2.0582,184.3611,119.2865,21.9482,156.6454,1.2812,106.0224
2021-04,NL,4.5121,2.4694,185.272,119.2148,26.3911,153.1771,1.2781,106.9288
2021-05,NL,6.4213,2.4093,186.7188,120.9841,30.1873,154.9426,1.2794,109.3837
2021-06,NL,8.0497,3.1218,187.7355,122.1584,41.5278,159.6573,1.281,109.5475
2021-07,NL,7.4081,3.6754,191.5045,122.8138,51.2601,158.7735,1.2854,108.1939
2021-08,NL,6.9899,3.8691,195.105,124.3653,61.5595,157.5301,1.2858,107.0374
2021-09,NL,6.4062,4.3794,198.3056,122.642,58.927,155.5726,1.2846,106.2462
2021-10,NL,6.2559,4.4709,207.8614,123.4613,58.3489,155.2563,1.2845,106.8603
2021-11,NL,5.6506,5.0818,209.513,123.3551,53.5242,182.8386,1.2846,107.5534
2021-12,NL,5.3992,5.5366,218.983,124.0246,59.3609,174.9629,1.2917,108.584
2022-01,NL,4.6877,5.8977,224.4718,124.0087,65.3561,158.5243,1.2928,110.0583
2022-02,NL,4.3867,6.3367,221.5316,124.2441,71.3072,159.5971,1.2938,108.983
2022-03,NL,4.269,6.7096,227.375,125.1293,76.4728,157.8451,1.2954,109.6453
2022-04,NL,3.9711,7.3656,231.6146,128.4123,80.1197,158.7741,1.2934,110.7673
2022-05,NL,3.3569,8.0576,234.9653,129.588,84.8402,158.7455,1.2958,109.5774
2022-06,NL,3.0974,8.629,241.8422,129.8798,94.8872,163.2512,1.2987,110.363
2022-07,NL,2.7401,9.0034,247.6919,130.9792,98.4081,161.7835,1.2999,109.8995
2022-08,NL,2.5256,9.6125,250.4256,132.1172,104.3667,162.6954,1.3006,110.1573
2022-09,NL,2.931,9.8472,252.5631,132.5214,105.2916,165.5998,1.3017,109.8667
2022-10,NL,2.4344,10.1492,259.1235,133.9884,105.984,167.684,1.3053,111.3643
2022-11,NL,2.3405,9.463,264.8652,135.3903,105.0018,195.6009,1.303,110.9834
2022-12,NL,1.8098,8.9781,267.6121,136.2411,106.8523,190.0157,1.3055,111.081
2023-01,NL,1.9718,8.4318,273.1163,136.6872,110.1036,175.1552,1.3045,112.0397
2023-02,NL,1.535,7.7806,280.7004,137.386,108.5195,171.0433,1.3041,113.0884
2023-03,NL,1.3258,7.1668,283.9821,140.1267,105.8549,171.6093,1.309,113.5028
2023-04,NL,1.1538,6.3376,289.0635,140.804,105.0199,170.5156,1.3092,116.7608
2023-05,NL,1.0791,5.749,292.201,139.9636,109.4791,173.2364,1.3125,114.8412
2023-06,NL,0.7863,5.045,303.2963,140.61,111.5163,172.8525,1.3156,115.669
2023-07,NL,-0.1511,4.67,309.8688,140.4605,112.7405,174.562,1.3133,116.5747
2023-08,NL,-0.3254,4.3096,313.15,143.4273,112.0799,178.4846,1.3146,116.441
2023-09,NL,-0.3923,4.1172,320.0277,145.4652,109.5622,177.4608,1.3144,117.765
2023-10,NL,-0.6233,4.071,327.1277,143.845,110.3963,180.261,1.3133,118.5876
2023-11,NL,-0.0813,3.3825,333.3305,145.5442,113.1552,212.8737,1.3203,119.4729
2023-12,NL,0.1056,3.2546,341.4823,147.2919,110.959,204.9281,1.3235,118.1239
2024-01,NL,0.1684,2.5538,345.879,148.3371,107.0788,184.2652,1.3218,118.7112
2024-02,NL,-0.0021,2.4497,350.3793,148.2811,113.2794,189.6395,1.3198,119.6156
2024-03,NL,-0.1342,2.4257,356.736,151.0813,111.1161,192.1201,1.3207,117.2673
2024-04,NL,-0.3365,2.4173,365.9359,152.8511,112.6887,192.5637,1.3235,117.8032
2024-05,NL,0.6373,2.1972,368.5724,154.2194,113.059,193.6387,1.3235,117.921
2024-06,NL,0.6353,2.295,372.9013,154.7266,115.6028,196.4199,1.3243,120.6829
2024-07,NL,0.8348,2.2833,385.2423,156.1028,114.3182,195.3095,1.3275,120.6304
2024-08,NL,0.7648,2.2176,385.1301,155.2627,117.1447,199.3021,1.3275,119.9228
2024-09,NL,0.9481,2.4483,402.7699,154.9833,117.146,199.4827,1.3321,118.9952
2024-10,NL,0.9187,2.3602,408.6511,156.9634,120.4397,204.5935,1.3323,118.9288
2024-11,NL,0.9612,2.4855,415.0153,161.2038,119.8412,232.9765,1.3328,118.212
2024-12,NL,0.8921,2.3375,417.2527,163.3239,121.2163,226.3173,1.3357,118.671
2025-01,NL,0.7248,2.2482,418.6548,163.6379,118.6819,204.1025,1.3348,120.2601
2025-02,NL,0.4257,2.2817,438.4031,164.3472,122.3889,210.2367,1.339,120.2103
2025-03,NL,0.9288,2.0914,446.2856,165.3321,121.592,210.8326,1.3394,119.3808
2025-04,NL,1.2318,2.027,445.9975,164.3248,124.1822,208.96,1.344,119.0514
2025-05,NL,1.4033,2.1651,454.1124,166.6287,125.2673,208.5141,1.3434,118.9728
2025-06,NL,1.4717,2.4761,468.845,164.3166,124.3894,214.2432,1.3444,120.5611
2025-07,NL,1.3232,2.5135,474.5718,165.3868,126.1023,211.6167,1.3451,120.9249
2025-08,NL,1.1029,2.8845,476.7801,166.193,124.264,216.0544,1.344,123.9452
2025-09,NL,0.9773,2.5444,485.3083,169.7634,121.354,217.4957,1.3473,123.4377
2025-10,NL,1.2558,2.4241,490.7757,169.3615,122.2191,225.5712,1.3471,122.0229
2025-11,NL,1.001,2.1205,509.1281,173.4628,122.4476,262.0878,1.3474,122.6967
2025-12,NL,0.7961,2.1631,520.6498,173.6335,120.3475,243.6108,1.3488,124.9691
2026-01,NL,1.6372,2.4109,533.4366,174.6469,119.0889,225.614,1.3534,124.725
2026-02,NL,1.3902,2.6011,550.5214,174.1451,119.4454,233.6147,1.3537,124.557
2026-03,NL,1.6684,2.6267,564.4584,178.4145,117.4807,229.5124,1.3575,125.1229
2026-04,NL,1.7617,2.4852,569.3709,180.1411,120.6136,229.7098,1.3574,127.0104
2026-05,NL,1.7153,2.4386,590.0433,179.1033,121.7008,228.1584,1.3578,128.8227
2026-06,NL,1.5081,2.1807,599.7469,181.2708,124.7664,236.241,1.3614,129.4072
2019-01,PL,2.5466,2.0879,98.8923,99.605,98.3714,99.6112,1.3811,99.1963
2019-02,PL,2.1079,1.9294,101.8848,100.5051,99.3993,99.1837,1.3814,100.6923
2019-03,PL,1.9528,1.7549,104.0245,101.1887,102.889,100.128,1.3815,99.7683
2019-04,PL,2.2817,1.4459,105.0777,102.7039,102.1716,99.7854,1.38,99.9371
2019-05,PL,1.8811,1.1976,107.1421,102.675,99.3542,104.3553,1.383,102.0129
2019-06,PL,2.5796,1.3245,111.4803,103.6656,97.2247,105.1754,1.3826,101.9818
2019-07,PL,2.5097,1.4575,113.4807,104.3594,100.0988,103.7467,1.3849,104.4368
2019-08,PL,2.2296,1.1255,115.3268,107.4755,96.1817,106.3476,1.3888,104.2376
2019-09,PL,2.2841,1.2834,119.0518,108.3997,99.0168,106.6552,1.3911,103.4109
2019-10,PL,1.9832,1.3157,120.4311,107.1738,100.3638,106.087,1.3937,103.991
2019-11,PL,2.2457,0.8377,123.8145,109.0811,99.8715,120.7082,1.3955,104.3428
2019-12,PL,2.2119,0.701,125.1203,110.7243,102.4618,116.2628,1.3939,103.1137
2020-01,PL,1.6455,0.511,129.4473,111.6226,104.7163,109.5802,1.3965,103.0531
2020-02,PL,1.2929,0.4628,130.1006,111.9843,98.2752,111.1103,1.3961,103.0171
2020-03,PL,-3.4052,0.5157,131.8461,112.5763,46.069,124.6503,1.3998,103.3709
2020-04,PL,-8.1744,0.2446,148.2514,112.109,9.4056,139.1123,1.4044,104.2644
2020-05,PL,-13.0912,0.1642,154.344,113.878,12.0266,154.5095,1.404,102.504
2020-06,PL,-11.3506,0.5034,159.737,114.0936,14.5338,155.53,1.4067,105.7947
2020-07,PL,-10.5433,0.5585,165.7979,115.412,26.0321,154.0231,1.4065,106.1379
2020-08,PL,-9.6016,0.6602,169.5451,116.554,37.5239,151.7705,1.4068,106.1204
2020-09,PL,-8.4144,1.0698,170.1751,116.075,31.6884,154.2934,1.4083,108.0692
2020-10,PL,-6.7837,1.2326,176.6528,116.3684,24.6745,152.1565,1.4067,108.6408
2020-11,PL,-5.2827,1.3649,182.5799,116.2415,22.989,180.2439,1.4065,110.0066
2020-12,PL,-3.9027,1.1592,185.175,117.3414,20.795,171.4061,1.4108,111.0885
2021-01,PL,-1.4913,1.4764,193.4418,119.5199,18.6746,155.8003,1.4134,110.464
2021-02,PL,0.7079,1.8769,199.9965,123.958,16.6956,152.5952,1.4135,112.2479
2021-03,PL,3.2525,2.1314,200.7675,123.4489,21.7534,153.5468,1.4143,111.5211
2021-04,PL,5.3311,2.72,205.6435,126.1309,26.6442,155.9488,1.4165,112.0647
2021-05,PL,7.9878,3.0997,210.981,125.0741,31.2953,157.5452,1.4176,112.874
2021-06,PL,10.2859,3.3754,212.9346,127.655,41.9058,157.3333,1.4203,113.0143
2021-07,PL,9.1726,3.7562,217.5652,127.802,50.6622,158.3881,1.4233,113.6934
2021-08,PL,8.3062,4.1198,223.6263,127.3198,59.9667,155.1188,1.4197,114.1709
2021-09,PL,7.3115,4.7056,228.3455,127.4674,59.6461,152.9692,1.4178,112.3599
2021-10,PL,6.7088,5.1222,232.1267,128.9369,57.6836,154.1281,1.4234,110.7435
2021-11,PL,6.2084,5.8714,237.2256,131.3961,55.3398,182.2035,1.425,110.3265
2021-12,PL,5.8094,6.6812,247.1354,132.1864,61.7163,175.089,1.4271,111.9694
2022-01,PL,4.9178,7.2355,253.9559,132.7171,66.5012,154.6084,1.4302,111.584
2022-02,PL,4.6074,7.7952,259.8041,135.1811,73.4827,158.1586,1.4262,112.1976
2022-03,PL,4.1368,8.5102,265.9854,135.9917,78.4736,162.2791,1.4245,113.6679
2022-04,PL,4.1828,8.9392,272.1285,138.1098,84.7567,165.4078,1.427,115.843
2022-05,PL,3.7835,9.7601,276.6282,139.5868,90.4847,163.7467,1.4267,116.4122
2022-06,PL,3.5446,10.5762,282.2731,138.3416,97.5878,161.2011,1.4315,119.1628
2022-07,PL,2.8652,10.7401,283.1397,138.9206,99.2155,165.0868,1.4329,118.1196
2022-08,PL,2.5436,11.4768,293.8956,140.5594,101.9597,165.3782,1.4366,118.225
2022-09,PL,1.9489,12.426,298.0792,142.9816,105.2927,169.0951,1.437,118.6186
2022-10,PL,2.0881,13.3446,306.0546,142.8975,108.6714,174.5529,1.4379,118.0411
2022-11,PL,2.4773,12.2128,309.007,144.3096,106.2149,200.6228,1.4386,118.5569
2022-12,PL,1.6209,11.4177,320.3855,146.0886,105.9644,189.1364,1.4441,119.4304
2023-01,PL,1.2157,10.5168,322.6734,148.7201,109.7111,168.2339,1.444,119.7762
2023-02,PL,1.3229,9.6962,333.5779,149.8891,109.2456,166.7913,1.4436,121.4633
2023-03,PL,1.1023,8.785,344.4007,148.9745,107.9396,162.1164,1.444,122.2094
2023-04,PL,1.147,7.7963,356.3413,148.5094,109.7918,167.9817,1.4445,123.0164
2023-05,PL,1.081,7.3316,360.5279,149.2637,109.8988,168.0381,1.4474,125.378
2023-06,PL,1.5736,6.6818,363.2561,149.6095,111.9331,166.3192,1.4476,124.06
2023-07,PL,1.3472,5.9281,367.5861,150.591,108.203,171.3261,1.4496,124.3282
2023-08,PL,1.6201,5.5861,376.9932,151.7393,105.473,173.8195,1.4491,125.1957
2023-09,PL,0.7881,5.4543,384.5219,156.5191,105.8265,175.3987,1.4501,126.8215
2023-10,PL,0.6036,5.1948,391.5766,158.6814,107.5427,180.9488,1.4506,127.5662
2023-11,PL,1.0368,4.5814,412.3516,160.9693,105.8532,213.2649,1.4522,128.1648
2023-12,PL,0.3456,3.7873,427.2296,164.2179,108.3394,201.6512,1.4552,127.501
2024-01,PL,0.741,3.3536,437.8512,165.844,113.2859,183.9568,1.4544,127.5922
2024-02,PL,1.3945,3.373,442.4744,166.3365,113.4949,179.7342,1.4553,129.509
2024-03,PL,1.224,3.1153,450.9758,165.4307,113.6863,185.465,1.4553,128.2565
2024-04,PL,1.3017,3.1232,445.4555,168.3182,116.6681,187.4809,1.4608,128.1272
2024-05,PL,1.9869,3.0375,459.6401,169.0339,115.5589,188.1702,1.4637,125.7625
2024-06,PL,2.1798,3.3219,470.5704,169.7479,115.1839,190.2496,1.4649,127.0576
2024-07,PL,2.319,2.8732,488.167,170.8249,114.4672,194.6279,1.4675,125.4422
2024-08,PL,1.9173,2.8698,492.2239,171.0378,116.6258,192.8556,1.469,125.7703
2024-09,PL,1.8476,2.7466,507.5259,173.3809,117.9953,197.678,1.4692,126.1993
2024-10,PL,1.3613,3.0873,526.8568,173.0895,117.328,199.472,1.4691,129.9809
2024-11,PL,0.8995,2.6985,537.3491,175.1079,118.0048,231.306,1.4698,132.7106
2024-12,PL,1.7053,2.5332,541.6411,176.8269,118.002,217.6027,1.4707,132.9422
2025-01,PL,1.6392,2.6672,555.2115,176.9598,117.947,195.5263,1.4721,134.6944
2025-02,PL,2.6617,2.8808,576.5617,180.6804,118.2005,203.0761,1.4749,135.5608
2025-03,PL,2.5682,2.6843,589.4466,183.6602,121.7461,205.9012,1.4764,132.4668
2025-04,PL,2.9452,2.6733,607.6728,185.1688,122.792,211.7352,1.4802,131.3783
2025-05,PL,2.5987,2.7105,616.2336,185.9117,119.8579,211.2344,1.4825,132.4148
2025-06,PL,2.2197,2.738,626.3176,186.4675,122.7006,215.4402,1.4825,135.3555
2025-07,PL,2.042,2.643,643.6707,186.1932,120.1639,213.1753,1.4808,136.1969
2025-08,PL,2.1533,2.8173,650.3816,185.4529,124.8456,212.1151,1.4834,134.9576
2025-09,PL,2.3265,2.7412,684.3305,184.2672,129.2505,215.2948,1.4843,132.8374
2025-10,PL,2.6611,2.8019,687.5168,186.6741,128.7175,217.3831,1.4833,132.6714
2025-11,PL,2.6971,2.5571,697.7254,193.8298,127.2493,255.5299,1.4868,133.6031
2025-12,PL,1.9949,2.558,716.677,194.794,122.7471,245.3375,1.4872,132.6329
2026-01,PL,1.8425,2.5797,731.7108,194.4067,126.705,230.2321,1.4877,134.8807
2026-02,PL,2.0834,2.683,753.8796,197.1872,127.3678,238.2595,1.4895,138.8063
2026-03,PL,2.1075,2.5268,759.3304,196.3581,129.1536,237.9679,1.4925,138.3026
2026-04,PL,2.3898,2.5128,790.6328,198.6746,127.0871,241.9846,1.4931,140.3413
2026-05,PL,2.1524,2.3564,811.6968,198.4277,127.1872,238.326,1.4936,142.1905
2026-06,PL,2.7929,2.3662,829.1736,201.6944,125.8817,233.1707,1.4931,141.119
2019-01,RO,2.4427,1.857,98.8768,100.4541,96.2352,100.0057,1.1693,100.6702
2019-02,RO,2.8336,1.7815,101.0246,100.696,99.5344,99.1466,1.171,99.7967
2019-03,RO,1.6739,1.7743,103.0134,102.8174,101.6575,97.0052,1.176,101.9889
2019-04,RO,1.5162,1.5957,106.3655,105.1885,101.8884,99.1002,1.1776,102.2814
2019-05,RO,2.1725,1.138,109.2706,104.406,104.5457,101.6365,1.1777,102.2577
2019-06,RO,2.2466,0.6853,111.708,104.98,103.3603,105.7511,1.1783,101.9548
2019-07,RO,2.4408,0.9153,112.6576,105.4206,99.4629,107.8568,1.1779,101.5853
2019-08,RO,1.8346,0.6352,117.1411,105.3872,98.8562,108.0858,1.1822,102.7076
2019-09,RO,2.3662,0.708,121.0071,106.4302,103.4168,109.7109,1.1824,102.6485
2019-10,RO,3.0299,0.5693,123.8252,107.5317,104.3917,107.5339,1.1799,103.7661
2019-11,RO,2.9784,0.7481,127.7475,108.8681,103.2309,125.9573,1.181,104.4225
2019-12,RO,2.2697,0.8262,130.1073,109.5074,101.7701,119.7744,1.1823,102.7997
2020-01,RO,1.6291,0.7149,130.833,111.4589,100.8768,108.9253,1.1834,103.3888
2020-02,RO,1.743,0.5844,132.7873,114.2104,92.4524,110.7965,1.1849,105.3376
2020-03,RO,-2.3507,0.5358,137.0266,114.2929,42.3485,125.5425,1.1852,106.2699
2020-04,RO,-7.5715,0.4427,151.8363,113.7461,8.595,138.6715,1.1863,105.7908
2020-05,RO,-13.1369,0.1287,157.4628,115.6364,11.2367,153.9184,1.1896,105.5597
2020-06,RO,-11.5672,0.4882,161.1705,115.8841,13.802,155.1196,1.1928,107.1277
2020-07,RO,-10.0135,0.53,166.8099,116.1532,26.017,157.4781,1.1899,105.5786
2020-08,RO,-8.6412,0.6437,171.2057,116.383,38.3964,156.6515,1.1872,103.5098
2020-09,RO,-7.2656,0.9004,174.6534,116.3386,30.9892,156.8097,1.1896,105.9063
2020-10,RO,-6.1637,1.1646,180.4685,116.7462,24.7124,157.5669,1.1896,106.2261
2020-11,RO,-4.4873,1.284,186.9042,117.7296,23.1187,186.4103,1.1926,107.3057
2020-12,RO,-2.7682,1.6708,191.9762,117.5594,20.9075,174.3576,1.1966,108.0915
2021-01,RO,-1.4565,1.8281,198.093,120.1032,18.9743,158.3552,1.1973,108.1452
2021-02,RO,0.0696,2.1513,197.9201,120.2098,17.0814,157.6747,1.1982,108.1704
2021-03,RO,2.0212,2.3155,204.4609,121.8241,21.6498,156.3453,1.1996,109.9717
2021-04,RO,4.3636,2.832,210.9013,124.418,25.5745,155.0497,1.2,110.2412
2021-05,RO,5.657,3.4951,215.3639,126.6607,29.59,151.8637,1.2025,111.1745
2021-06,RO,8.4545,4.0231,214.5091,128.5939,39.7498,150.3644,1.2062,113.7158
2021-07,RO,8.5338,4.461,218.7496,129.7241,50.2725,153.0448,1.2086,113.4859
2021-08,RO,7.8458,4.7843,226.3557,130.1589,59.195,154.7515,1.2042,115.2147
2021-09,RO,7.7545,5.0682,231.5575,129.4502,56.3574,156.2529,1.2013,113.7842
2021-10,RO,7.3246,5.5769,233.5468,130.7852,53.9441,157.2555,1.2035,113.4688
2021-11,RO,7.2536,5.96,238.9672,130.6591,51.3432,178.8324,1.2041,114.2831
2021-12,RO,6.5642,6.2653,247.9447,133.5322,59.7241,170.1471,1.2037,112.9089
2022-01,RO,5.7468,6.7532,252.5288,135.4743,64.9015,157.7546,1.2081,114.4437
2022-02,RO,5.2336,7.7612,255.8783,136.7209,70.4272,159.0754,1.2101,114.005
2022-03,RO,4.864,8.4102,254.2193,136.8002,76.5258,157.711,1.2121,113.1121
2022-04,RO,4.0433,9.1414,255.9463,135.7794,84.4301,159.0548,1.2108,114.0532
2022-05,RO,4.4201,9.6126,262.1296,137.7181,90.5934,160.7847,1.2134,113.6598
2022-06,RO,4.1407,10.3219,272.6847,139.9296,95.0898,165.4905,1.2196,113.0376
2022-07,RO,3.9828,11.0993,281.1125,139.0901,96.3105,165.9124,1.2196,113.756
2022-08,RO,3.728,11.6681,289.6934,138.7241,103.2961,166.8161,1.215,113.7439
2022-09,RO,3.5452,12.5766,297.8124,140.6093,105.5487,165.33,1.2152,113.9816
2022-10,RO,3.3336,13.0354,304.5093,141.8714,107.5346,166.194,1.2167,115.5596
2022-11,RO,3.2182,12.0072,314.6794,142.3795,107.5114,193.8418,1.2197,117.8339
2022-12,RO,2.2315,11.2549,322.2166,143.8386,111.2716,183.7379,1.2213,118.4274
2023-01,RO,2.113,10.5146,331.7105,145.8432,109.2128,165.5743,1.2221,120.2099
2023-02,RO,1.586,9.9143,335.3891,147.4146,107.5212,170.9529,1.2251,120.6918
2023-03,RO,1.4865,8.7966,342.5003,148.6516,110.9759,167.8061,1.2241,122.2323
2023-04,RO,1.0624,8.0472,353.5417,149.0573,109.8968,175.9047,1.2234,124.8672
2023-05,RO,0.8297,7.029,352.8742,151.1504,109.2469,176.4016,1.2288,124.9937
2023-06,RO,1.1326,6.4164,368.3624,152.0927,111.574,179.0765,1.2304,124.7782
2023-07,RO,1.0194,5.9643,376.594,153.2075,107.5159,178.3405,1.2289,123.8988
2023-08,RO,0.8994,5.5928,385.71,156.2856,109.6483,177.6559,1.2309,125.2615
2023-09,RO,1.1416,5.2745,392.2145,156.9904,110.8845,179.7806,1.2285,122.0577
2023-10,RO,1.0423,4.8784,400.5819,158.6261,112.194,181.3763,1.2292,121.2117
2023-11,RO,1.2042,4.454,406.466,159.5459,109.0188,208.9636,1.2299,123.5314
2023-12,RO,1.4406,4.1797,411.9445,159.7241,110.016,203.6412,1.2343,121.9618
2024-01,RO,1.8759,3.8532,419.5298,161.1212,112.4363,185.8818,1.236,122.0602
2024-02,RO,1.7721,3.6735,439.0211,163.2277,113.7799,185.663,1.2391,124.2814
2024-03,RO,2.0203,3.7406,451.5375,163.7836,111.9467,188.4133,1.2384,126.2514
2024-04,RO,2.2015,3.4078,463.0847,166.4707,113.5821,194.0611,1.2383,127.7343
2024-05,RO,2.1931,3.4629,469.1736,169.5379,117.1313,193.5656,1.2388,129.2522
2024-06,RO,2.32,3.3386,481.6868,171.1782,117.5764,194.3038,1.2403,129.4391
2024-07,RO,1.7253,3.2275,493.0704,174.9036,121.2477,193.3542,1.2369,129.882
2024-08,RO,1.36,3.1903,489.8294,176.329,123.1084,192.7673,1.2363,128.8377
2024-09,RO,1.737,3.0098,517.7595,176.8407,123.6652,194.1223,1.2398,129.2498
2024-10,RO,1.6582,3.0318,539.5046,175.9524,120.0567,200.9524,1.2447,128.7335
2024-11,RO,2.1097,3.2854,554.5629,175.9482,119.2024,234.6045,1.2458,127.7144
2024-12,RO,1.9535,3.1541,559.522,175.0884,116.7744,222.0118,1.2507,129.9992
2025-01,RO,2.2033,2.9014,562.6238,177.8512,114.0588,202.3752,1.2576,129.95
2025-02,RO,2.5558,3.0968,588.2431,179.7961,114.296,203.4073,1.2567,132.7984
2025-03,RO,2.6219,2.935,599.8266,180.8389,113.3077,209.6099,1.2552,132.8121
2025-04,RO,2.1535,3.0986,609.6367,181.4861,118.7896,211.6519,1.2559,131.3561
2025-05,RO,1.9474,3.1305,612.5531,184.0437,120.8062,211.5433,1.2545,129.9073
2025-06,RO,2.2204,3.2553,641.5763,185.8805,121.2312,216.1744,1.2591,130.398
2025-07,RO,1.8143,3.1668,658.2979,187.6146,120.8576,213.2523,1.262,128.8609
2025-08,RO,1.513,2.9765,688.1177,187.8125,126.715,213.4665,1.2623,130.9156
2025-09,RO,2.0442,2.8908,673.7109,189.2634,125.8839,220.3116,1.2621,132.5287
2025-10,RO,2.1138,2.6615,702.9719,190.7841,124.6582,216.3961,1.2606,135.0131
2025-11,RO,2.3282,2.9192,713.1154,194.8014,126.1528,262.1773,1.2622,135.1626
2025-12,RO,1.9009,3.2085,718.1631,194.6132,127.2777,251.6138,1.2633,135.7855
2026-01,RO,2.4863,2.6669,727.7996,198.8268,125.6935,231.183,1.2626,136.0055
2026-02,RO,2.149,2.473,749.1558,199.8263,128.2804,233.9716,1.2638,136.8713
2026-03,RO,1.9116,2.4004,781.9999,201.5597,131.0334,236.2087,1.2639,137.5066
2026-04,RO,2.6764,2.4089,793.1484,204.0307,129.7392,234.4061,1.2682,138.7274
2026-05,RO,2.3033,2.3495,820.7465,206.2094,127.5413,237.3695,1.2717,137.6602
2026-06,RO,2.498,2.2315,823.1569,205.1161,125.781,241.8344,1.2731,140.0636
2019-01,SK,1.9442,1.3461,100.1548,99.6317,98.7052,100.4915,1.3501,99.2886
2019-02,SK,1.8628,1.6275,104.283,99.8486,98.7145,101.9953,1.3529,100.9044
2019-03,SK,2.5629,1.6023,104.2247,100.2665,100.0248,104.7759,1.3544,103.1821
2019-04,SK,1.7485,1.1333,107.6755,100.8108,103.3101,103.7793,1.3575,103.511
2019-05,SK,1.5208,1.375,113.1845,102.5596,103.9537,104.1214,1.3597,102.6142
2019-06,SK,1.2298,1.5588,112.2892,104.5852,101.6034,101.7628,1.362,102.4391
2019-07,SK,1.0674,1.6218,111.6958,105.0382,102.6792,102.9216,1.3609,101.1942
2019-08,SK,1.2673,1.6081,113.6959,105.2661,105.4126,103.6588,1.3613,102.2217
2019-09,SK,1.1159,1.3839,113.1832,105.9039,106.8363,105.3013,1.3649,103.5469
2019-10,SK,0.701,1.2546,116.481,107.7508,106.1541,107.7963,1.3632,103.4742
2019-11,SK,0.8637,1.1549,120.558,107.8858,104.8114,125.9875,1.3652,104.0965
2019-12,SK,1.0604,0.8896,122.0479,108.6443,105.2431,123.744,1.3664,105.301
2020-01,SK,0.8987,0.6499,124.9023,109.4408,104.1403,113.0638,1.3687,104.3393
2020-02,SK,0.7311,0.5682,129.4944,109.2901,98.503,113.9515,1.3661,104.2295
2020-03,SK,-4.5126,0.2133,134.0301,109.6346,44.0848,126.6737,1.3695,103.6108
2020-04,SK,-9.1536,0.0711,148.926,109.8864,8.9091,141.0783,1.3724,103.3417
2020-05,SK,-13.466,-0.1476,151.2058,112.3347,11.2732,156.4374,1.3726,103.7291
2020-06,SK,-11.7801,0.017,153.9225,112.2452,13.7619,154.1875,1.3713,104.8896
2020-07,SK,-10.5937,0.1456,159.2253,112.1601,25.4406,155.6113,1.3717,104.0143
2020-08,SK,-8.8729,0.03,163.3756,111.2293,38.3886,160.4869,1.3719,103.9821
2020-09,SK,-8.2413,0.49,164.6811,112.4783,31.1767,160.9437,1.3732,104.6089
2020-10,SK,-5.7891,0.776,170.5511,114.0938,23.9458,159.7717,1.3786,104.9626
2020-11,SK,-4.8411,0.8732,166.9132,115.478,22.3085,181.7812,1.3798,105.7497
2020-12,SK,-3.803,1.0675,168.3787,116.3975,19.9397,171.124,1.3792,107.5295
2021-01,SK,-2.112,1.0603,171.5535,116.3301,18.8253,155.1447,1.3787,107.4589
2021-02,SK,-0.4214,1.3019,174.5113,116.4846,17.2436,156.9689,1.3809,108.9288
2021-03,SK,1.9185,1.5439,177.9785,118.5741,21.5722,155.2632,1.382,107.6367
2021-04,SK,3.7629,2.1222,181.8038,117.4912,27.4453,156.7865,1.3836,104.2326
2021-05,SK,6.2783,2.403,186.51,118.7725,32.2852,161.7213,1.384,104.8033
2021-06,SK,8.6279,2.6861,190.2212,119.1255,43.0536,160.8193,1.3823,105.9989
2021-07,SK,8.2323,3.2166,193.5335,119.6744,52.7456,161.666,1.3847,105.8866
2021-08,SK,7.7271,3.6661,200.3524,120.6904,62.7738,158.6334,1.3833,108.1409
2021-09,SK,7.5343,4.2873,203.0301,121.9914,58.9687,158.6983,1.3892,105.6865
2021-10,SK,6.781,4.6856,209.0185,124.4103,56.6237,154.5331,1.3887,106.7047
2021-11,SK,6.1446,4.8586,214.6887,122.9741,54.4301,184.0651,1.3914,107.2569
2021-12,SK,5.0028,5.2726,218.9701,124.7194,59.7854,173.4893,1.388,107.226
2022-01,SK,4.1999,6.2959,222.2289,125.9844,65.1498,158.7284,1.3891,107.6772
2022-02,SK,3.8431,6.955,222.5512,127.3192,71.8237,158.9953,1.396,107.3569
2022-03,SK,4.0283,7.2319,224.4439,127.9497,76.2961,161.9605,1.3989,108.0913
2022-04,SK,3.5884,7.93,230.3334,129.8919,82.7238,163.1857,1.4031,108.255
2022-05,SK,3.3803,8.1771,238.6898,129.4155,87.9841,167.7698,1.4016,107.9317
2022-06,SK,3.0076,8.6427,247.6053,129.6208,97.7791,166.1462,1.4019,108.3726
2022-07,SK,2.1783,9.1243,249.9008,130.7844,101.9971,165.9982,1.4032,107.5827
2022-08,SK,2.2917,9.6542,253.6049,133.0857,101.1861,164.3651,1.4041,107.8835
2022-09,SK,1.6022,9.993,253.9961,133.4038,102.8757,163.0727,1.4102,110.1694
2022-10,SK,1.3055,10.366,261.2864,134.4996,104.4696,160.8336,1.4087,110.845
2022-11,SK,1.339,9.7315,262.6787,134.8916,103.0411,187.2673,1.4115,110.6979
2022-12,SK,0.8244,9.2326,269.5638,136.9843,107.5502,179.5956,1.4097,112.6904
2023-01,SK,1.1897,8.1743,275.135,138.1909,107.5564,161.8713,1.4088,115.0029
2023-02,SK,1.4585,7.3683,282.2537,137.1455,107.6789,167.9876,1.4125,113.6298
2023-03,SK,1.2121,7.0315,292.0474,138.525,110.2808,168.254,1.4116,112.7443
2023-04,SK,1.2931,6.7116,299.9144,140.8926,108.2926,174.2636,1.4139,113.0318
2023-05,SK,1.5565,6.2596,302.8038,139.7063,112.9966,172.5216,1.4167,112.4618
2023-06,SK,0.9806,5.0935,307.3844,138.478,115.5243,176.8847,1.4149,111.8233
2023-07,SK,1.0308,4.6786,309.3117,142.344,111.3985,175.9707,1.414,111.987
2023-08,SK,1.0134,4.3441,304.2613,145.1981,110.981,182.5309,1.4155,114.2586
2023-09,SK,1.2504,3.9266,311.6447,146.4531,111.3665,184.543,1.4166,115.1767
2023-10,SK,0.8195,3.7228,321.3778,146.8349,110.6837,183.8681,1.4207,113.1538
2023-11,SK,0.8815,2.9678,333.3208,147.4006,107.1641,210.3783,1.4237,113.9223
2023-12,SK,0.4743,2.708,337.1235,149.53,107.163,198.245,1.4246,113.2704
2024-01,SK,-0.038,2.6628,343.3399,149.7624,107.6477,182.7775,1.4274,114.362
2024-02,SK,0.6539,2.8301,348.4946,149.014,108.6404,184.0379,1.4296,115.61
2024-03,SK,0.5697,2.572,354.0113,150.1495,112.2392,188.4454,1.4299,116.4408
2024-04,SK,0.9962,2.5726,361.2089,151.8712,111.2986,190.8105,1.4308,115.8234
2024-05,SK,0.9153,2.5229,367.6468,153.7805,111.2423,196.7504,1.4333,118.9951
2024-06,SK,1.2271,2.5719,374.3145,155.1634,112.2343,199.0394,1.4302,118.4409
2024-07,SK,1.1191,2.7623,379.3752,157.9426,113.346,199.3993,1.4339,117.3798
2024-08,SK,1.3984,2.6266,395.9918,159.2411,114.215,194.9399,1.4306,118.4567
2024-09,SK,1.2103,2.7414,396.6256,158.2705,119.2068,196.5831,1.4365,118.7651
2024-10,SK,1.7358,2.708,407.1979,158.8637,114.4783,196.2284,1.4409,118.7806
2024-11,SK,1.0718,2.3873,411.6822,161.5433,114.6845,229.2133,1.4391,118.8279
2024-12,SK,0.9617,2.386,424.7463,160.0266,117.0765,225.2067,1.4418,120.6894
2025-01,SK,0.1347,2.031,430.3423,162.2829,118.4348,207.585,1.4448,119.8806
2025-02,SK,0.7923,1.7823,444.8388,164.4079,119.7468,212.7494,1.4506,120.5037
2025-03,SK,0.8662,1.9689,450.3939,163.561,116.1964,214.5849,1.4497,121.2676
2025-04,SK,1.0503,2.1818,448.9829,162.2731,118.7765,216.036,1.4492,123.1919
2025-05,SK,1.4088,2.3471,463.7796,165.3338,120.4294,216.1259,1.4506,122.3846
2025-06,SK,1.3894,2.2681,469.1686,166.7874,121.6541,215.7998,1.4512,122.1766
2025-07,SK,1.4323,2.244,475.3841,167.2237,124.4781,220.7888,1.4449,122.069
2025-08,SK,1.5504,2.1541,477.9305,167.0866,121.2579,219.0398,1.4487,119.0034
2025-09,SK,1.7157,2.1962,484.4543,168.8543,120.1764,219.129,1.4498,120.3608
2025-10,SK,1.4811,2.1268,502.5313,172.7763,119.4459,224.3935,1.452,121.9039
2025-11,SK,1.6037,2.2735,517.3876,172.0207,120.1327,254.8022,1.4542,121.956
2025-12,SK,1.7829,2.1456,531.7404,172.0542,122.396,247.9123,1.4555,122.799
2026-01,SK,2.1282,2.3415,540.4073,175.9916,121.8179,232.5469,1.4594,124.5797
2026-02,SK,2.1203,2.5178,559.4964,176.1927,120.0737,234.8369,1.4607,122.8741
2026-03,SK,1.3651,2.5864,552.0309,177.7047,121.5459,238.9596,1.459,123.3456
2026-04,SK,1.5352,2.6231,576.9216,176.0691,124.1803,240.7289,1.4596,123.867
2026-05,SK,1.6094,2.6234,590.5263,181.2999,127.2845,235.2006,1.4637,124.063
2026-06,SK,1.7666,2.6158,600.9663,182.9517,125.8684,236.1753,1.4649,124.7751
